task,frame,arm,plan_index,plan_stage,after_request_id,receiver_order,request_origins,outer_request_ids,request_stages,first_visible_plan_stages,tool_modes,provider_ranks,provider_rankings,provider,track_handle,field_kind,field_group,context_scope,context_version,acquisition_origin,anchor_distance_m,standalone_increment_vs_ego,ego_only_input_tokens,empty_remote_input_tokens,attempt_input_tokens,attempt_total_with_generation,cumulative_input_tokens,cumulative_total_with_generation,admitted,dropped_reason,prompt_section,object_index,field_positions,anchor_ref,primary_refs,context_parent_refs
g5526_alternating,5526,alternating,1,1,q0,1,"[{""first_visible_plan_stage"":1,""mode"":""current"",""outer_request_id"":""q0"",""provider_rank"":1,""provider_ranking"":[20,0,4,6],""receipt_id"":""d378766f456a4530a518ad9433e98e54"",""request_id"":""q0"",""request_stage"":0,""tool"":""P""}]","[""q0""]",[0],[1],"[[""P"",""current""]]",[1],"[[20,0,4,6]]",no_fusion_cav1,20,forecast,receiver_subset_forecast,receiver_acquired_subset,"{""name"":""receiver_fixed_ego_at_t"",""revision"":""11x100ms_v1.subset.0.4.6.20""}",receiver_derived,0.627451565,734,2292,2405,3026,3282,3026,3282,True,admitted,remote,0,"{""box"":{""area"":""object_rows"",""column"":0,""row"":0},""field_metadata"":{""area"":""object_rows"",""column"":1,""row"":0},""forecast"":{""area"":""object_rows"",""column"":2,""row"":0},""forecast_scores"":{""area"":""object_rows"",""column"":3,""row"":0},""forecast_times"":{""area"":""object_rows"",""column"":4,""row"":0},""model_used"":{""area"":""object_rows"",""column"":9,""row"":0},""score"":{""area"":""object_shared""},""source"":{""area"":""object_rows"",""column"":11,""row"":0},""track_id"":{""area"":""object_rows"",""column"":12,""row"":0}}","{""context_version"":{""name"":""fixed_ego_at_t"",""revision"":""11x100ms_v1""},""field_kind"":""anchor"",""g"":5526,""producer_version"":{""name"":""toolv2x_causal_tracker"",""revision"":""causal_windows_v1""},""provider"":""no_fusion_cav1"",""scene"":""testoutput_CAV_data_2022-03-17-16-06-11_0"",""track_handle"":20}","[{""context_version"":{""name"":""receiver_fixed_ego_at_t"",""revision"":""11x100ms_v1.subset.0.4.6.20""},""field_kind"":""forecast"",""g"":5526,""producer_version"":{""name"":""CMP_MTR_full_seed20"",""revision"":""epoch09""},""provider"":""no_fusion_cav1"",""scene"":""testoutput_CAV_data_2022-03-17-16-06-11_0"",""track_handle"":20}]","[{""context_version"":{""name"":""fixed_ego_at_t"",""revision"":""11x100ms_v1""},""field_kind"":""anchor"",""g"":5526,""producer_version"":{""name"":""toolv2x_causal_tracker"",""revision"":""causal_windows_v1""},""provider"":""no_fusion_cav1"",""scene"":""testoutput_CAV_data_2022-03-17-16-06-11_0"",""track_handle"":0},{""context_version"":{""name"":""fixed_ego_at_t"",""revision"":""11x100ms_v1""},""field_kind"":""history"",""g"":5526,""producer_version"":{""name"":""toolv2x_causal_tracker"",""revision"":""causal_windows_v1""},""provider"":""no_fusion_cav1"",""scene"":""testoutput_CAV_data_2022-03-17-16-06-11_0"",""track_handle"":0},{""context_version"":{""name"":""fixed_ego_at_t"",""revision"":""11x100ms_v1""},""field_kind"":""anchor"",""g"":5526,""producer_version"":{""name"":""toolv2x_causal_tracker"",""revision"":""causal_windows_v1""},""provider"":""no_fusion_cav1"",""scene"":""testoutput_CAV_data_2022-03-17-16-06-11_0"",""track_handle"":4},{""context_version"":{""name"":""fixed_ego_at_t"",""revision"":""11x100ms_v1""},""field_kind"":""history"",""g"":5526,""producer_version"":{""name"":""toolv2x_causal_tracker"",""revision"":""causal_windows_v1""},""provider"":""no_fusion_cav1"",""scene"":""testoutput_CAV_data_2022-03-17-16-06-11_0"",""track_handle"":4},{""context_version"":{""name"":""fixed_ego_at_t"",""revision"":""11x100ms_v1""},""field_kind"":""anchor"",""g"":5526,""producer_version"":{""name"":""toolv2x_causal_tracker"",""revision"":""causal_windows_v1""},""provider"":""no_fusion_cav1"",""scene"":""testoutput_CAV_data_2022-03-17-16-06-11_0"",""track_handle"":6},{""context_version"":{""name"":""fixed_ego_at_t"",""revision"":""11x100ms_v1""},""field_kind"":""history"",""g"":5526,""producer_version"":{""name"":""toolv2x_causal_tracker"",""revision"":""causal_windows_v1""},""provider"":""no_fusion_cav1"",""scene"":""testoutput_CAV_data_2022-03-17-16-06-11_0"",""track_handle"":6},{""context_version"":{""name"":""fixed_ego_at_t"",""revision"":""11x100ms_v1""},""field_kind"":""anchor"",""g"":5526,""producer_version"":{""name"":""toolv2x_causal_tracker"",""revision"":""causal_windows_v1""},""provider"":""no_fusion_cav1"",""scene"":""testoutput_CAV_data_2022-03-17-16-06-11_0"",""track_handle"":20},{""context_version"":{""name"":""fixed_ego_at_t"",""revision"":""11x100ms_v1""},""field_kind"":""history"",""g"":5526,""producer_version"":{""name"":""toolv2x_causal_tracker"",""revision"":""causal_windows_v1""},""provider"":""no_fusion_cav1"",""scene"":""testoutput_CAV_data_2022-03-17-16-06-11_0"",""track_handle"":20}]"
g5526_alternating,5526,alternating,1,1,q0,2,"[{""first_visible_plan_stage"":1,""mode"":""current"",""outer_request_id"":""q0"",""provider_rank"":1,""provider_ranking"":[20,0,4,6],""receipt_id"":""d378766f456a4530a518ad9433e98e54"",""request_id"":""q0"",""request_stage"":0,""tool"":""P""}]","[""q0""]",[0],[1],"[[""P"",""current""]]",[1],"[[20,0,4,6]]",no_fusion_cav1,20,history,history,,"{""name"":""fixed_ego_at_t"",""revision"":""11x100ms_v1""}",remote,0.627451565,794,2292,2405,3701,3957,3701,3957,True,admitted,remote,1,"{""box"":{""area"":""object_rows"",""column"":0,""row"":1},""field_metadata"":{""area"":""object_rows"",""column"":1,""row"":1},""history"":{""area"":""object_rows"",""column"":5,""row"":1},""history_scores"":{""area"":""object_rows"",""column"":6,""row"":1},""history_times"":{""area"":""object_rows"",""column"":7,""row"":1},""history_valid"":{""area"":""object_rows"",""column"":8,""row"":1},""proxy_status"":{""area"":""object_rows"",""column"":10,""row"":1},""score"":{""area"":""object_shared""},""source"":{""area"":""object_rows"",""column"":11,""row"":1},""track_id"":{""area"":""object_rows"",""column"":12,""row"":1}}","{""context_version"":{""name"":""fixed_ego_at_t"",""revision"":""11x100ms_v1""},""field_kind"":""anchor"",""g"":5526,""producer_version"":{""name"":""toolv2x_causal_tracker"",""revision"":""causal_windows_v1""},""provider"":""no_fusion_cav1"",""scene"":""testoutput_CAV_data_2022-03-17-16-06-11_0"",""track_handle"":20}","[{""context_version"":{""name"":""fixed_ego_at_t"",""revision"":""11x100ms_v1""},""field_kind"":""history"",""g"":5526,""producer_version"":{""name"":""toolv2x_causal_tracker"",""revision"":""causal_windows_v1""},""provider"":""no_fusion_cav1"",""scene"":""testoutput_CAV_data_2022-03-17-16-06-11_0"",""track_handle"":20}]",[]
g5526_alternating,5526,alternating,1,1,q0,3,"[{""first_visible_plan_stage"":1,""mode"":""current"",""outer_request_id"":""q0"",""provider_rank"":4,""provider_ranking"":[20,0,4,6],""receipt_id"":""d378766f456a4530a518ad9433e98e54"",""request_id"":""q0"",""request_stage"":0,""tool"":""P""}]","[""q0""]",[0],[1],"[[""P"",""current""]]",[4],"[[20,0,4,6]]",no_fusion_cav1,6,forecast,receiver_subset_forecast,receiver_acquired_subset,"{""name"":""receiver_fixed_ego_at_t"",""revision"":""11x100ms_v1.subset.0.4.6.20""}",receiver_derived,6.519300096,714,2292,2405,4286,4542,3701,3957,False,context_budget,,,,"{""context_version"":{""name"":""fixed_ego_at_t"",""revision"":""11x100ms_v1""},""field_kind"":""anchor"",""g"":5526,""producer_version"":{""name"":""toolv2x_causal_tracker"",""revision"":""causal_windows_v1""},""provider"":""no_fusion_cav1"",""scene"":""testoutput_CAV_data_2022-03-17-16-06-11_0"",""track_handle"":6}","[{""context_version"":{""name"":""receiver_fixed_ego_at_t"",""revision"":""11x100ms_v1.subset.0.4.6.20""},""field_kind"":""forecast"",""g"":5526,""producer_version"":{""name"":""CMP_MTR_full_seed20"",""revision"":""epoch09""},""provider"":""no_fusion_cav1"",""scene"":""testoutput_CAV_data_2022-03-17-16-06-11_0"",""track_handle"":6}]","[{""context_version"":{""name"":""fixed_ego_at_t"",""revision"":""11x100ms_v1""},""field_kind"":""anchor"",""g"":5526,""producer_version"":{""name"":""toolv2x_causal_tracker"",""revision"":""causal_windows_v1""},""provider"":""no_fusion_cav1"",""scene"":""testoutput_CAV_data_2022-03-17-16-06-11_0"",""track_handle"":0},{""context_version"":{""name"":""fixed_ego_at_t"",""revision"":""11x100ms_v1""},""field_kind"":""history"",""g"":5526,""producer_version"":{""name"":""toolv2x_causal_tracker"",""revision"":""causal_windows_v1""},""provider"":""no_fusion_cav1"",""scene"":""testoutput_CAV_data_2022-03-17-16-06-11_0"",""track_handle"":0},{""context_version"":{""name"":""fixed_ego_at_t"",""revision"":""11x100ms_v1""},""field_kind"":""anchor"",""g"":5526,""producer_version"":{""name"":""toolv2x_causal_tracker"",""revision"":""causal_windows_v1""},""provider"":""no_fusion_cav1"",""scene"":""testoutput_CAV_data_2022-03-17-16-06-11_0"",""track_handle"":4},{""context_version"":{""name"":""fixed_ego_at_t"",""revision"":""11x100ms_v1""},""field_kind"":""history"",""g"":5526,""producer_version"":{""name"":""toolv2x_causal_tracker"",""revision"":""causal_windows_v1""},""provider"":""no_fusion_cav1"",""scene"":""testoutput_CAV_data_2022-03-17-16-06-11_0"",""track_handle"":4},{""context_version"":{""name"":""fixed_ego_at_t"",""revision"":""11x100ms_v1""},""field_kind"":""anchor"",""g"":5526,""producer_version"":{""name"":""toolv2x_causal_tracker"",""revision"":""causal_windows_v1""},""provider"":""no_fusion_cav1"",""scene"":""testoutput_CAV_data_2022-03-17-16-06-11_0"",""track_handle"":6},{""context_version"":{""name"":""fixed_ego_at_t"",""revision"":""11x100ms_v1""},""field_kind"":""history"",""g"":5526,""producer_version"":{""name"":""toolv2x_causal_tracker"",""revision"":""causal_windows_v1""},""provider"":""no_fusion_cav1"",""scene"":""testoutput_CAV_data_2022-03-17-16-06-11_0"",""track_handle"":6},{""context_version"":{""name"":""fixed_ego_at_t"",""revision"":""11x100ms_v1""},""field_kind"":""anchor"",""g"":5526,""producer_version"":{""name"":""toolv2x_causal_tracker"",""revision"":""causal_windows_v1""},""provider"":""no_fusion_cav1"",""scene"":""testoutput_CAV_data_2022-03-17-16-06-11_0"",""track_handle"":20},{""context_version"":{""name"":""fixed_ego_at_t"",""revision"":""11x100ms_v1""},""field_kind"":""history"",""g"":5526,""producer_version"":{""name"":""toolv2x_causal_tracker"",""revision"":""causal_windows_v1""},""provider"":""no_fusion_cav1"",""scene"":""testoutput_CAV_data_2022-03-17-16-06-11_0"",""track_handle"":20}]"
g5526_alternating,5526,alternating,1,1,q0,4,"[{""first_visible_plan_stage"":1,""mode"":""current"",""outer_request_id"":""q0"",""provider_rank"":4,""provider_ranking"":[20,0,4,6],""receipt_id"":""d378766f456a4530a518ad9433e98e54"",""request_id"":""q0"",""request_stage"":0,""tool"":""P""}]","[""q0""]",[0],[1],"[[""P"",""current""]]",[4],"[[20,0,4,6]]",no_fusion_cav1,6,history,history,,"{""name"":""fixed_ego_at_t"",""revision"":""11x100ms_v1""}",remote,6.519300096,777,2292,2405,4346,4602,3701,3957,False,context_budget,,,,"{""context_version"":{""name"":""fixed_ego_at_t"",""revision"":""11x100ms_v1""},""field_kind"":""anchor"",""g"":5526,""producer_version"":{""name"":""toolv2x_causal_tracker"",""revision"":""causal_windows_v1""},""provider"":""no_fusion_cav1"",""scene"":""testoutput_CAV_data_2022-03-17-16-06-11_0"",""track_handle"":6}","[{""context_version"":{""name"":""fixed_ego_at_t"",""revision"":""11x100ms_v1""},""field_kind"":""history"",""g"":5526,""producer_version"":{""name"":""toolv2x_causal_tracker"",""revision"":""causal_windows_v1""},""provider"":""no_fusion_cav1"",""scene"":""testoutput_CAV_data_2022-03-17-16-06-11_0"",""track_handle"":6}]",[]
g5526_alternating,5526,alternating,1,1,q0,5,"[{""first_visible_plan_stage"":1,""mode"":""current"",""outer_request_id"":""q0"",""provider_rank"":3,""provider_ranking"":[20,0,4,6],""receipt_id"":""d378766f456a4530a518ad9433e98e54"",""request_id"":""q0"",""request_stage"":0,""tool"":""P""}]","[""q0""]",[0],[1],"[[""P"",""current""]]",[3],"[[20,0,4,6]]",no_fusion_cav1,4,forecast,receiver_subset_forecast,receiver_acquired_subset,"{""name"":""receiver_fixed_ego_at_t"",""revision"":""11x100ms_v1.subset.0.4.6.20""}",receiver_derived,9.585312095,722,2292,2405,4294,4550,3701,3957,False,context_budget,,,,"{""context_version"":{""name"":""fixed_ego_at_t"",""revision"":""11x100ms_v1""},""field_kind"":""anchor"",""g"":5526,""producer_version"":{""name"":""toolv2x_causal_tracker"",""revision"":""causal_windows_v1""},""provider"":""no_fusion_cav1"",""scene"":""testoutput_CAV_data_2022-03-17-16-06-11_0"",""track_handle"":4}","[{""context_version"":{""name"":""receiver_fixed_ego_at_t"",""revision"":""11x100ms_v1.subset.0.4.6.20""},""field_kind"":""forecast"",""g"":5526,""producer_version"":{""name"":""CMP_MTR_full_seed20"",""revision"":""epoch09""},""provider"":""no_fusion_cav1"",""scene"":""testoutput_CAV_data_2022-03-17-16-06-11_0"",""track_handle"":4}]","[{""context_version"":{""name"":""fixed_ego_at_t"",""revision"":""11x100ms_v1""},""field_kind"":""anchor"",""g"":5526,""producer_version"":{""name"":""toolv2x_causal_tracker"",""revision"":""causal_windows_v1""},""provider"":""no_fusion_cav1"",""scene"":""testoutput_CAV_data_2022-03-17-16-06-11_0"",""track_handle"":0},{""context_version"":{""name"":""fixed_ego_at_t"",""revision"":""11x100ms_v1""},""field_kind"":""history"",""g"":5526,""producer_version"":{""name"":""toolv2x_causal_tracker"",""revision"":""causal_windows_v1""},""provider"":""no_fusion_cav1"",""scene"":""testoutput_CAV_data_2022-03-17-16-06-11_0"",""track_handle"":0},{""context_version"":{""name"":""fixed_ego_at_t"",""revision"":""11x100ms_v1""},""field_kind"":""anchor"",""g"":5526,""producer_version"":{""name"":""toolv2x_causal_tracker"",""revision"":""causal_windows_v1""},""provider"":""no_fusion_cav1"",""scene"":""testoutput_CAV_data_2022-03-17-16-06-11_0"",""track_handle"":4},{""context_version"":{""name"":""fixed_ego_at_t"",""revision"":""11x100ms_v1""},""field_kind"":""history"",""g"":5526,""producer_version"":{""name"":""toolv2x_causal_tracker"",""revision"":""causal_windows_v1""},""provider"":""no_fusion_cav1"",""scene"":""testoutput_CAV_data_2022-03-17-16-06-11_0"",""track_handle"":4},{""context_version"":{""name"":""fixed_ego_at_t"",""revision"":""11x100ms_v1""},""field_kind"":""anchor"",""g"":5526,""producer_version"":{""name"":""toolv2x_causal_tracker"",""revision"":""causal_windows_v1""},""provider"":""no_fusion_cav1"",""scene"":""testoutput_CAV_data_2022-03-17-16-06-11_0"",""track_handle"":6},{""context_version"":{""name"":""fixed_ego_at_t"",""revision"":""11x100ms_v1""},""field_kind"":""history"",""g"":5526,""producer_version"":{""name"":""toolv2x_causal_tracker"",""revision"":""causal_windows_v1""},""provider"":""no_fusion_cav1"",""scene"":""testoutput_CAV_data_2022-03-17-16-06-11_0"",""track_handle"":6},{""context_version"":{""name"":""fixed_ego_at_t"",""revision"":""11x100ms_v1""},""field_kind"":""anchor"",""g"":5526,""producer_version"":{""name"":""toolv2x_causal_tracker"",""revision"":""causal_windows_v1""},""provider"":""no_fusion_cav1"",""scene"":""testoutput_CAV_data_2022-03-17-16-06-11_0"",""track_handle"":20},{""context_version"":{""name"":""fixed_ego_at_t"",""revision"":""11x100ms_v1""},""field_kind"":""history"",""g"":5526,""producer_version"":{""name"":""toolv2x_causal_tracker"",""revision"":""causal_windows_v1""},""provider"":""no_fusion_cav1"",""scene"":""testoutput_CAV_data_2022-03-17-16-06-11_0"",""track_handle"":20}]"
g5526_alternating,5526,alternating,1,1,q0,6,"[{""first_visible_plan_stage"":1,""mode"":""current"",""outer_request_id"":""q0"",""provider_rank"":3,""provider_ranking"":[20,0,4,6],""receipt_id"":""d378766f456a4530a518ad9433e98e54"",""request_id"":""q0"",""request_stage"":0,""tool"":""P""}]","[""q0""]",[0],[1],"[[""P"",""current""]]",[3],"[[20,0,4,6]]",no_fusion_cav1,4,history,history,,"{""name"":""fixed_ego_at_t"",""revision"":""11x100ms_v1""}",remote,9.585312095,777,2292,2405,4346,4602,3701,3957,False,context_budget,,,,"{""context_version"":{""name"":""fixed_ego_at_t"",""revision"":""11x100ms_v1""},""field_kind"":""anchor"",""g"":5526,""producer_version"":{""name"":""toolv2x_causal_tracker"",""revision"":""causal_windows_v1""},""provider"":""no_fusion_cav1"",""scene"":""testoutput_CAV_data_2022-03-17-16-06-11_0"",""track_handle"":4}","[{""context_version"":{""name"":""fixed_ego_at_t"",""revision"":""11x100ms_v1""},""field_kind"":""history"",""g"":5526,""producer_version"":{""name"":""toolv2x_causal_tracker"",""revision"":""causal_windows_v1""},""provider"":""no_fusion_cav1"",""scene"":""testoutput_CAV_data_2022-03-17-16-06-11_0"",""track_handle"":4}]",[]
g5526_alternating,5526,alternating,1,1,q0,7,"[{""first_visible_plan_stage"":1,""mode"":""current"",""outer_request_id"":""q0"",""provider_rank"":2,""provider_ranking"":[20,0,4,6],""receipt_id"":""d378766f456a4530a518ad9433e98e54"",""request_id"":""q0"",""request_stage"":0,""tool"":""P""}]","[""q0""]",[0],[1],"[[""P"",""current""]]",[2],"[[20,0,4,6]]",no_fusion_cav1,0,forecast,receiver_subset_forecast,receiver_acquired_subset,"{""name"":""receiver_fixed_ego_at_t"",""revision"":""11x100ms_v1.subset.0.4.6.20""}",receiver_derived,23.996877666,737,2292,2405,4309,4565,3701,3957,False,context_budget,,,,"{""context_version"":{""name"":""fixed_ego_at_t"",""revision"":""11x100ms_v1""},""field_kind"":""anchor"",""g"":5526,""producer_version"":{""name"":""toolv2x_causal_tracker"",""revision"":""causal_windows_v1""},""provider"":""no_fusion_cav1"",""scene"":""testoutput_CAV_data_2022-03-17-16-06-11_0"",""track_handle"":0}","[{""context_version"":{""name"":""receiver_fixed_ego_at_t"",""revision"":""11x100ms_v1.subset.0.4.6.20""},""field_kind"":""forecast"",""g"":5526,""producer_version"":{""name"":""CMP_MTR_full_seed20"",""revision"":""epoch09""},""provider"":""no_fusion_cav1"",""scene"":""testoutput_CAV_data_2022-03-17-16-06-11_0"",""track_handle"":0}]","[{""context_version"":{""name"":""fixed_ego_at_t"",""revision"":""11x100ms_v1""},""field_kind"":""anchor"",""g"":5526,""producer_version"":{""name"":""toolv2x_causal_tracker"",""revision"":""causal_windows_v1""},""provider"":""no_fusion_cav1"",""scene"":""testoutput_CAV_data_2022-03-17-16-06-11_0"",""track_handle"":0},{""context_version"":{""name"":""fixed_ego_at_t"",""revision"":""11x100ms_v1""},""field_kind"":""history"",""g"":5526,""producer_version"":{""name"":""toolv2x_causal_tracker"",""revision"":""causal_windows_v1""},""provider"":""no_fusion_cav1"",""scene"":""testoutput_CAV_data_2022-03-17-16-06-11_0"",""track_handle"":0},{""context_version"":{""name"":""fixed_ego_at_t"",""revision"":""11x100ms_v1""},""field_kind"":""anchor"",""g"":5526,""producer_version"":{""name"":""toolv2x_causal_tracker"",""revision"":""causal_windows_v1""},""provider"":""no_fusion_cav1"",""scene"":""testoutput_CAV_data_2022-03-17-16-06-11_0"",""track_handle"":4},{""context_version"":{""name"":""fixed_ego_at_t"",""revision"":""11x100ms_v1""},""field_kind"":""history"",""g"":5526,""producer_version"":{""name"":""toolv2x_causal_tracker"",""revision"":""causal_windows_v1""},""provider"":""no_fusion_cav1"",""scene"":""testoutput_CAV_data_2022-03-17-16-06-11_0"",""track_handle"":4},{""context_version"":{""name"":""fixed_ego_at_t"",""revision"":""11x100ms_v1""},""field_kind"":""anchor"",""g"":5526,""producer_version"":{""name"":""toolv2x_causal_tracker"",""revision"":""causal_windows_v1""},""provider"":""no_fusion_cav1"",""scene"":""testoutput_CAV_data_2022-03-17-16-06-11_0"",""track_handle"":6},{""context_version"":{""name"":""fixed_ego_at_t"",""revision"":""11x100ms_v1""},""field_kind"":""history"",""g"":5526,""producer_version"":{""name"":""toolv2x_causal_tracker"",""revision"":""causal_windows_v1""},""provider"":""no_fusion_cav1"",""scene"":""testoutput_CAV_data_2022-03-17-16-06-11_0"",""track_handle"":6},{""context_version"":{""name"":""fixed_ego_at_t"",""revision"":""11x100ms_v1""},""field_kind"":""anchor"",""g"":5526,""producer_version"":{""name"":""toolv2x_causal_tracker"",""revision"":""causal_windows_v1""},""provider"":""no_fusion_cav1"",""scene"":""testoutput_CAV_data_2022-03-17-16-06-11_0"",""track_handle"":20},{""context_version"":{""name"":""fixed_ego_at_t"",""revision"":""11x100ms_v1""},""field_kind"":""history"",""g"":5526,""producer_version"":{""name"":""toolv2x_causal_tracker"",""revision"":""causal_windows_v1""},""provider"":""no_fusion_cav1"",""scene"":""testoutput_CAV_data_2022-03-17-16-06-11_0"",""track_handle"":20}]"
g5526_alternating,5526,alternating,1,1,q0,8,"[{""first_visible_plan_stage"":1,""mode"":""current"",""outer_request_id"":""q0"",""provider_rank"":2,""provider_ranking"":[20,0,4,6],""receipt_id"":""d378766f456a4530a518ad9433e98e54"",""request_id"":""q0"",""request_stage"":0,""tool"":""P""}]","[""q0""]",[0],[1],"[[""P"",""current""]]",[2],"[[20,0,4,6]]",no_fusion_cav1,0,history,history,,"{""name"":""fixed_ego_at_t"",""revision"":""11x100ms_v1""}",remote,23.996877666,791,2292,2405,4360,4616,3701,3957,False,context_budget,,,,"{""context_version"":{""name"":""fixed_ego_at_t"",""revision"":""11x100ms_v1""},""field_kind"":""anchor"",""g"":5526,""producer_version"":{""name"":""toolv2x_causal_tracker"",""revision"":""causal_windows_v1""},""provider"":""no_fusion_cav1"",""scene"":""testoutput_CAV_data_2022-03-17-16-06-11_0"",""track_handle"":0}","[{""context_version"":{""name"":""fixed_ego_at_t"",""revision"":""11x100ms_v1""},""field_kind"":""history"",""g"":5526,""producer_version"":{""name"":""toolv2x_causal_tracker"",""revision"":""causal_windows_v1""},""provider"":""no_fusion_cav1"",""scene"":""testoutput_CAV_data_2022-03-17-16-06-11_0"",""track_handle"":0}]",[]
g5526_alternating,5526,alternating,2,2,q1,1,"[{""first_visible_plan_stage"":2,""mode"":""change"",""outer_request_id"":""q1"",""provider_rank"":2,""provider_ranking"":[6,20,3,8],""receipt_id"":""ef85c3f9f79c4325a00eb6d365df6222"",""request_id"":""q1"",""request_stage"":1,""tool"":""F""}]","[""q1""]",[1],[2],"[[""F"",""change""]]",[2],"[[6,20,3,8]]",no_fusion_cav1,20,forecast,provider_full_forecast,provider_full_at_t,"{""name"":""fixed_ego_at_t"",""revision"":""11x100ms_v1""}",remote,0.627451565,724,2292,2405,3016,3272,3016,3272,True,admitted,remote,0,"{""box"":{""area"":""object_rows"",""column"":0,""row"":0},""field_metadata"":{""area"":""object_rows"",""column"":1,""row"":0},""forecast"":{""area"":""object_rows"",""column"":2,""row"":0},""forecast_scores"":{""area"":""object_rows"",""column"":3,""row"":0},""forecast_times"":{""area"":""object_shared""},""model_used"":{""area"":""object_shared""},""score"":{""area"":""object_shared""},""source"":{""area"":""object_rows"",""column"":4,""row"":0},""track_id"":{""area"":""object_rows"",""column"":5,""row"":0}}","{""context_version"":{""name"":""fixed_ego_at_t"",""revision"":""11x100ms_v1""},""field_kind"":""anchor"",""g"":5526,""producer_version"":{""name"":""toolv2x_causal_tracker"",""revision"":""causal_windows_v1""},""provider"":""no_fusion_cav1"",""scene"":""testoutput_CAV_data_2022-03-17-16-06-11_0"",""track_handle"":20}","[{""context_version"":{""name"":""fixed_ego_at_t"",""revision"":""11x100ms_v1""},""field_kind"":""forecast"",""g"":5526,""producer_version"":{""name"":""CMP_MTR_full_seed20"",""revision"":""epoch09""},""provider"":""no_fusion_cav1"",""scene"":""testoutput_CAV_data_2022-03-17-16-06-11_0"",""track_handle"":20}]",[]
g5526_alternating,5526,alternating,2,2,q1,2,"[{""first_visible_plan_stage"":1,""mode"":""current"",""outer_request_id"":""q0"",""provider_rank"":1,""provider_ranking"":[20,0,4,6],""receipt_id"":""d378766f456a4530a518ad9433e98e54"",""request_id"":""q0"",""request_stage"":0,""tool"":""P""}]","[""q0""]",[0],[1],"[[""P"",""current""]]",[1],"[[20,0,4,6]]",no_fusion_cav1,20,forecast,receiver_subset_forecast,receiver_acquired_subset,"{""name"":""receiver_fixed_ego_at_t"",""revision"":""11x100ms_v1.subset.0.4.6.20""}",receiver_derived,0.627451565,734,2292,2405,3573,3829,3573,3829,True,admitted,remote,1,"{""box"":{""area"":""object_rows"",""column"":0,""row"":1},""field_metadata"":{""area"":""object_rows"",""column"":1,""row"":1},""forecast"":{""area"":""object_rows"",""column"":2,""row"":1},""forecast_scores"":{""area"":""object_rows"",""column"":3,""row"":1},""forecast_times"":{""area"":""object_shared""},""model_used"":{""area"":""object_shared""},""score"":{""area"":""object_shared""},""source"":{""area"":""object_rows"",""column"":4,""row"":1},""track_id"":{""area"":""object_rows"",""column"":5,""row"":1}}","{""context_version"":{""name"":""fixed_ego_at_t"",""revision"":""11x100ms_v1""},""field_kind"":""anchor"",""g"":5526,""producer_version"":{""name"":""toolv2x_causal_tracker"",""revision"":""causal_windows_v1""},""provider"":""no_fusion_cav1"",""scene"":""testoutput_CAV_data_2022-03-17-16-06-11_0"",""track_handle"":20}","[{""context_version"":{""name"":""receiver_fixed_ego_at_t"",""revision"":""11x100ms_v1.subset.0.4.6.20""},""field_kind"":""forecast"",""g"":5526,""producer_version"":{""name"":""CMP_MTR_full_seed20"",""revision"":""epoch09""},""provider"":""no_fusion_cav1"",""scene"":""testoutput_CAV_data_2022-03-17-16-06-11_0"",""track_handle"":20}]","[{""context_version"":{""name"":""fixed_ego_at_t"",""revision"":""11x100ms_v1""},""field_kind"":""anchor"",""g"":5526,""producer_version"":{""name"":""toolv2x_causal_tracker"",""revision"":""causal_windows_v1""},""provider"":""no_fusion_cav1"",""scene"":""testoutput_CAV_data_2022-03-17-16-06-11_0"",""track_handle"":0},{""context_version"":{""name"":""fixed_ego_at_t"",""revision"":""11x100ms_v1""},""field_kind"":""history"",""g"":5526,""producer_version"":{""name"":""toolv2x_causal_tracker"",""revision"":""causal_windows_v1""},""provider"":""no_fusion_cav1"",""scene"":""testoutput_CAV_data_2022-03-17-16-06-11_0"",""track_handle"":0},{""context_version"":{""name"":""fixed_ego_at_t"",""revision"":""11x100ms_v1""},""field_kind"":""anchor"",""g"":5526,""producer_version"":{""name"":""toolv2x_causal_tracker"",""revision"":""causal_windows_v1""},""provider"":""no_fusion_cav1"",""scene"":""testoutput_CAV_data_2022-03-17-16-06-11_0"",""track_handle"":4},{""context_version"":{""name"":""fixed_ego_at_t"",""revision"":""11x100ms_v1""},""field_kind"":""history"",""g"":5526,""producer_version"":{""name"":""toolv2x_causal_tracker"",""revision"":""causal_windows_v1""},""provider"":""no_fusion_cav1"",""scene"":""testoutput_CAV_data_2022-03-17-16-06-11_0"",""track_handle"":4},{""context_version"":{""name"":""fixed_ego_at_t"",""revision"":""11x100ms_v1""},""field_kind"":""anchor"",""g"":5526,""producer_version"":{""name"":""toolv2x_causal_tracker"",""revision"":""causal_windows_v1""},""provider"":""no_fusion_cav1"",""scene"":""testoutput_CAV_data_2022-03-17-16-06-11_0"",""track_handle"":6},{""context_version"":{""name"":""fixed_ego_at_t"",""revision"":""11x100ms_v1""},""field_kind"":""history"",""g"":5526,""producer_version"":{""name"":""toolv2x_causal_tracker"",""revision"":""causal_windows_v1""},""provider"":""no_fusion_cav1"",""scene"":""testoutput_CAV_data_2022-03-17-16-06-11_0"",""track_handle"":6},{""context_version"":{""name"":""fixed_ego_at_t"",""revision"":""11x100ms_v1""},""field_kind"":""anchor"",""g"":5526,""producer_version"":{""name"":""toolv2x_causal_tracker"",""revision"":""causal_windows_v1""},""provider"":""no_fusion_cav1"",""scene"":""testoutput_CAV_data_2022-03-17-16-06-11_0"",""track_handle"":20},{""context_version"":{""name"":""fixed_ego_at_t"",""revision"":""11x100ms_v1""},""field_kind"":""history"",""g"":5526,""producer_version"":{""name"":""toolv2x_causal_tracker"",""revision"":""causal_windows_v1""},""provider"":""no_fusion_cav1"",""scene"":""testoutput_CAV_data_2022-03-17-16-06-11_0"",""track_handle"":20}]"
g5526_alternating,5526,alternating,2,2,q1,3,"[{""first_visible_plan_stage"":1,""mode"":""current"",""outer_request_id"":""q0"",""provider_rank"":1,""provider_ranking"":[20,0,4,6],""receipt_id"":""d378766f456a4530a518ad9433e98e54"",""request_id"":""q0"",""request_stage"":0,""tool"":""P""}]","[""q0""]",[0],[1],"[[""P"",""current""]]",[1],"[[20,0,4,6]]",no_fusion_cav1,20,history,history,,"{""name"":""fixed_ego_at_t"",""revision"":""11x100ms_v1""}",remote,0.627451565,794,2292,2405,4194,4450,3573,3829,False,context_budget,,,,"{""context_version"":{""name"":""fixed_ego_at_t"",""revision"":""11x100ms_v1""},""field_kind"":""anchor"",""g"":5526,""producer_version"":{""name"":""toolv2x_causal_tracker"",""revision"":""causal_windows_v1""},""provider"":""no_fusion_cav1"",""scene"":""testoutput_CAV_data_2022-03-17-16-06-11_0"",""track_handle"":20}","[{""context_version"":{""name"":""fixed_ego_at_t"",""revision"":""11x100ms_v1""},""field_kind"":""history"",""g"":5526,""producer_version"":{""name"":""toolv2x_causal_tracker"",""revision"":""causal_windows_v1""},""provider"":""no_fusion_cav1"",""scene"":""testoutput_CAV_data_2022-03-17-16-06-11_0"",""track_handle"":20}]",[]
g5526_alternating,5526,alternating,2,2,q1,4,"[{""first_visible_plan_stage"":2,""mode"":""change"",""outer_request_id"":""q1"",""provider_rank"":1,""provider_ranking"":[6,20,3,8],""receipt_id"":""ef85c3f9f79c4325a00eb6d365df6222"",""request_id"":""q1"",""request_stage"":1,""tool"":""F""}]","[""q1""]",[1],[2],"[[""F"",""change""]]",[1],"[[6,20,3,8]]",no_fusion_cav1,6,forecast,provider_full_forecast,provider_full_at_t,"{""name"":""fixed_ego_at_t"",""revision"":""11x100ms_v1""}",remote,6.519300096,705,2292,2405,4109,4365,3573,3829,False,context_budget,,,,"{""context_version"":{""name"":""fixed_ego_at_t"",""revision"":""11x100ms_v1""},""field_kind"":""anchor"",""g"":5526,""producer_version"":{""name"":""toolv2x_causal_tracker"",""revision"":""causal_windows_v1""},""provider"":""no_fusion_cav1"",""scene"":""testoutput_CAV_data_2022-03-17-16-06-11_0"",""track_handle"":6}","[{""context_version"":{""name"":""fixed_ego_at_t"",""revision"":""11x100ms_v1""},""field_kind"":""forecast"",""g"":5526,""producer_version"":{""name"":""CMP_MTR_full_seed20"",""revision"":""epoch09""},""provider"":""no_fusion_cav1"",""scene"":""testoutput_CAV_data_2022-03-17-16-06-11_0"",""track_handle"":6}]",[]
g5526_alternating,5526,alternating,2,2,q1,5,"[{""first_visible_plan_stage"":1,""mode"":""current"",""outer_request_id"":""q0"",""provider_rank"":4,""provider_ranking"":[20,0,4,6],""receipt_id"":""d378766f456a4530a518ad9433e98e54"",""request_id"":""q0"",""request_stage"":0,""tool"":""P""}]","[""q0""]",[0],[1],"[[""P"",""current""]]",[4],"[[20,0,4,6]]",no_fusion_cav1,6,forecast,receiver_subset_forecast,receiver_acquired_subset,"{""name"":""receiver_fixed_ego_at_t"",""revision"":""11x100ms_v1.subset.0.4.6.20""}",receiver_derived,6.519300096,714,2292,2405,4118,4374,3573,3829,False,context_budget,,,,"{""context_version"":{""name"":""fixed_ego_at_t"",""revision"":""11x100ms_v1""},""field_kind"":""anchor"",""g"":5526,""producer_version"":{""name"":""toolv2x_causal_tracker"",""revision"":""causal_windows_v1""},""provider"":""no_fusion_cav1"",""scene"":""testoutput_CAV_data_2022-03-17-16-06-11_0"",""track_handle"":6}","[{""context_version"":{""name"":""receiver_fixed_ego_at_t"",""revision"":""11x100ms_v1.subset.0.4.6.20""},""field_kind"":""forecast"",""g"":5526,""producer_version"":{""name"":""CMP_MTR_full_seed20"",""revision"":""epoch09""},""provider"":""no_fusion_cav1"",""scene"":""testoutput_CAV_data_2022-03-17-16-06-11_0"",""track_handle"":6}]","[{""context_version"":{""name"":""fixed_ego_at_t"",""revision"":""11x100ms_v1""},""field_kind"":""anchor"",""g"":5526,""producer_version"":{""name"":""toolv2x_causal_tracker"",""revision"":""causal_windows_v1""},""provider"":""no_fusion_cav1"",""scene"":""testoutput_CAV_data_2022-03-17-16-06-11_0"",""track_handle"":0},{""context_version"":{""name"":""fixed_ego_at_t"",""revision"":""11x100ms_v1""},""field_kind"":""history"",""g"":5526,""producer_version"":{""name"":""toolv2x_causal_tracker"",""revision"":""causal_windows_v1""},""provider"":""no_fusion_cav1"",""scene"":""testoutput_CAV_data_2022-03-17-16-06-11_0"",""track_handle"":0},{""context_version"":{""name"":""fixed_ego_at_t"",""revision"":""11x100ms_v1""},""field_kind"":""anchor"",""g"":5526,""producer_version"":{""name"":""toolv2x_causal_tracker"",""revision"":""causal_windows_v1""},""provider"":""no_fusion_cav1"",""scene"":""testoutput_CAV_data_2022-03-17-16-06-11_0"",""track_handle"":4},{""context_version"":{""name"":""fixed_ego_at_t"",""revision"":""11x100ms_v1""},""field_kind"":""history"",""g"":5526,""producer_version"":{""name"":""toolv2x_causal_tracker"",""revision"":""causal_windows_v1""},""provider"":""no_fusion_cav1"",""scene"":""testoutput_CAV_data_2022-03-17-16-06-11_0"",""track_handle"":4},{""context_version"":{""name"":""fixed_ego_at_t"",""revision"":""11x100ms_v1""},""field_kind"":""anchor"",""g"":5526,""producer_version"":{""name"":""toolv2x_causal_tracker"",""revision"":""causal_windows_v1""},""provider"":""no_fusion_cav1"",""scene"":""testoutput_CAV_data_2022-03-17-16-06-11_0"",""track_handle"":6},{""context_version"":{""name"":""fixed_ego_at_t"",""revision"":""11x100ms_v1""},""field_kind"":""history"",""g"":5526,""producer_version"":{""name"":""toolv2x_causal_tracker"",""revision"":""causal_windows_v1""},""provider"":""no_fusion_cav1"",""scene"":""testoutput_CAV_data_2022-03-17-16-06-11_0"",""track_handle"":6},{""context_version"":{""name"":""fixed_ego_at_t"",""revision"":""11x100ms_v1""},""field_kind"":""anchor"",""g"":5526,""producer_version"":{""name"":""toolv2x_causal_tracker"",""revision"":""causal_windows_v1""},""provider"":""no_fusion_cav1"",""scene"":""testoutput_CAV_data_2022-03-17-16-06-11_0"",""track_handle"":20},{""context_version"":{""name"":""fixed_ego_at_t"",""revision"":""11x100ms_v1""},""field_kind"":""history"",""g"":5526,""producer_version"":{""name"":""toolv2x_causal_tracker"",""revision"":""causal_windows_v1""},""provider"":""no_fusion_cav1"",""scene"":""testoutput_CAV_data_2022-03-17-16-06-11_0"",""track_handle"":20}]"
g5526_alternating,5526,alternating,2,2,q1,6,"[{""first_visible_plan_stage"":1,""mode"":""current"",""outer_request_id"":""q0"",""provider_rank"":4,""provider_ranking"":[20,0,4,6],""receipt_id"":""d378766f456a4530a518ad9433e98e54"",""request_id"":""q0"",""request_stage"":0,""tool"":""P""}]","[""q0""]",[0],[1],"[[""P"",""current""]]",[4],"[[20,0,4,6]]",no_fusion_cav1,6,history,history,,"{""name"":""fixed_ego_at_t"",""revision"":""11x100ms_v1""}",remote,6.519300096,777,2292,2405,4279,4535,3573,3829,False,context_budget,,,,"{""context_version"":{""name"":""fixed_ego_at_t"",""revision"":""11x100ms_v1""},""field_kind"":""anchor"",""g"":5526,""producer_version"":{""name"":""toolv2x_causal_tracker"",""revision"":""causal_windows_v1""},""provider"":""no_fusion_cav1"",""scene"":""testoutput_CAV_data_2022-03-17-16-06-11_0"",""track_handle"":6}","[{""context_version"":{""name"":""fixed_ego_at_t"",""revision"":""11x100ms_v1""},""field_kind"":""history"",""g"":5526,""producer_version"":{""name"":""toolv2x_causal_tracker"",""revision"":""causal_windows_v1""},""provider"":""no_fusion_cav1"",""scene"":""testoutput_CAV_data_2022-03-17-16-06-11_0"",""track_handle"":6}]",[]
g5526_alternating,5526,alternating,2,2,q1,7,"[{""first_visible_plan_stage"":1,""mode"":""current"",""outer_request_id"":""q0"",""provider_rank"":3,""provider_ranking"":[20,0,4,6],""receipt_id"":""d378766f456a4530a518ad9433e98e54"",""request_id"":""q0"",""request_stage"":0,""tool"":""P""}]","[""q0""]",[0],[1],"[[""P"",""current""]]",[3],"[[20,0,4,6]]",no_fusion_cav1,4,forecast,receiver_subset_forecast,receiver_acquired_subset,"{""name"":""receiver_fixed_ego_at_t"",""revision"":""11x100ms_v1.subset.0.4.6.20""}",receiver_derived,9.585312095,722,2292,2405,4126,4382,3573,3829,False,context_budget,,,,"{""context_version"":{""name"":""fixed_ego_at_t"",""revision"":""11x100ms_v1""},""field_kind"":""anchor"",""g"":5526,""producer_version"":{""name"":""toolv2x_causal_tracker"",""revision"":""causal_windows_v1""},""provider"":""no_fusion_cav1"",""scene"":""testoutput_CAV_data_2022-03-17-16-06-11_0"",""track_handle"":4}","[{""context_version"":{""name"":""receiver_fixed_ego_at_t"",""revision"":""11x100ms_v1.subset.0.4.6.20""},""field_kind"":""forecast"",""g"":5526,""producer_version"":{""name"":""CMP_MTR_full_seed20"",""revision"":""epoch09""},""provider"":""no_fusion_cav1"",""scene"":""testoutput_CAV_data_2022-03-17-16-06-11_0"",""track_handle"":4}]","[{""context_version"":{""name"":""fixed_ego_at_t"",""revision"":""11x100ms_v1""},""field_kind"":""anchor"",""g"":5526,""producer_version"":{""name"":""toolv2x_causal_tracker"",""revision"":""causal_windows_v1""},""provider"":""no_fusion_cav1"",""scene"":""testoutput_CAV_data_2022-03-17-16-06-11_0"",""track_handle"":0},{""context_version"":{""name"":""fixed_ego_at_t"",""revision"":""11x100ms_v1""},""field_kind"":""history"",""g"":5526,""producer_version"":{""name"":""toolv2x_causal_tracker"",""revision"":""causal_windows_v1""},""provider"":""no_fusion_cav1"",""scene"":""testoutput_CAV_data_2022-03-17-16-06-11_0"",""track_handle"":0},{""context_version"":{""name"":""fixed_ego_at_t"",""revision"":""11x100ms_v1""},""field_kind"":""anchor"",""g"":5526,""producer_version"":{""name"":""toolv2x_causal_tracker"",""revision"":""causal_windows_v1""},""provider"":""no_fusion_cav1"",""scene"":""testoutput_CAV_data_2022-03-17-16-06-11_0"",""track_handle"":4},{""context_version"":{""name"":""fixed_ego_at_t"",""revision"":""11x100ms_v1""},""field_kind"":""history"",""g"":5526,""producer_version"":{""name"":""toolv2x_causal_tracker"",""revision"":""causal_windows_v1""},""provider"":""no_fusion_cav1"",""scene"":""testoutput_CAV_data_2022-03-17-16-06-11_0"",""track_handle"":4},{""context_version"":{""name"":""fixed_ego_at_t"",""revision"":""11x100ms_v1""},""field_kind"":""anchor"",""g"":5526,""producer_version"":{""name"":""toolv2x_causal_tracker"",""revision"":""causal_windows_v1""},""provider"":""no_fusion_cav1"",""scene"":""testoutput_CAV_data_2022-03-17-16-06-11_0"",""track_handle"":6},{""context_version"":{""name"":""fixed_ego_at_t"",""revision"":""11x100ms_v1""},""field_kind"":""history"",""g"":5526,""producer_version"":{""name"":""toolv2x_causal_tracker"",""revision"":""causal_windows_v1""},""provider"":""no_fusion_cav1"",""scene"":""testoutput_CAV_data_2022-03-17-16-06-11_0"",""track_handle"":6},{""context_version"":{""name"":""fixed_ego_at_t"",""revision"":""11x100ms_v1""},""field_kind"":""anchor"",""g"":5526,""producer_version"":{""name"":""toolv2x_causal_tracker"",""revision"":""causal_windows_v1""},""provider"":""no_fusion_cav1"",""scene"":""testoutput_CAV_data_2022-03-17-16-06-11_0"",""track_handle"":20},{""context_version"":{""name"":""fixed_ego_at_t"",""revision"":""11x100ms_v1""},""field_kind"":""history"",""g"":5526,""producer_version"":{""name"":""toolv2x_causal_tracker"",""revision"":""causal_windows_v1""},""provider"":""no_fusion_cav1"",""scene"":""testoutput_CAV_data_2022-03-17-16-06-11_0"",""track_handle"":20}]"
g5526_alternating,5526,alternating,2,2,q1,8,"[{""first_visible_plan_stage"":1,""mode"":""current"",""outer_request_id"":""q0"",""provider_rank"":3,""provider_ranking"":[20,0,4,6],""receipt_id"":""d378766f456a4530a518ad9433e98e54"",""request_id"":""q0"",""request_stage"":0,""tool"":""P""}]","[""q0""]",[0],[1],"[[""P"",""current""]]",[3],"[[20,0,4,6]]",no_fusion_cav1,4,history,history,,"{""name"":""fixed_ego_at_t"",""revision"":""11x100ms_v1""}",remote,9.585312095,777,2292,2405,4279,4535,3573,3829,False,context_budget,,,,"{""context_version"":{""name"":""fixed_ego_at_t"",""revision"":""11x100ms_v1""},""field_kind"":""anchor"",""g"":5526,""producer_version"":{""name"":""toolv2x_causal_tracker"",""revision"":""causal_windows_v1""},""provider"":""no_fusion_cav1"",""scene"":""testoutput_CAV_data_2022-03-17-16-06-11_0"",""track_handle"":4}","[{""context_version"":{""name"":""fixed_ego_at_t"",""revision"":""11x100ms_v1""},""field_kind"":""history"",""g"":5526,""producer_version"":{""name"":""toolv2x_causal_tracker"",""revision"":""causal_windows_v1""},""provider"":""no_fusion_cav1"",""scene"":""testoutput_CAV_data_2022-03-17-16-06-11_0"",""track_handle"":4}]",[]
g5526_alternating,5526,alternating,2,2,q1,9,"[{""first_visible_plan_stage"":2,""mode"":""change"",""outer_request_id"":""q1"",""provider_rank"":3,""provider_ranking"":[6,20,3,8],""receipt_id"":""ef85c3f9f79c4325a00eb6d365df6222"",""request_id"":""q1"",""request_stage"":1,""tool"":""F""}]","[""q1""]",[1],[2],"[[""F"",""change""]]",[3],"[[6,20,3,8]]",no_fusion_cav1,3,forecast,provider_full_forecast,provider_full_at_t,"{""name"":""fixed_ego_at_t"",""revision"":""11x100ms_v1""}",remote,15.109988107,725,2292,2405,4129,4385,3573,3829,False,context_budget,,,,"{""context_version"":{""name"":""fixed_ego_at_t"",""revision"":""11x100ms_v1""},""field_kind"":""anchor"",""g"":5526,""producer_version"":{""name"":""toolv2x_causal_tracker"",""revision"":""causal_windows_v1""},""provider"":""no_fusion_cav1"",""scene"":""testoutput_CAV_data_2022-03-17-16-06-11_0"",""track_handle"":3}","[{""context_version"":{""name"":""fixed_ego_at_t"",""revision"":""11x100ms_v1""},""field_kind"":""forecast"",""g"":5526,""producer_version"":{""name"":""CMP_MTR_full_seed20"",""revision"":""epoch09""},""provider"":""no_fusion_cav1"",""scene"":""testoutput_CAV_data_2022-03-17-16-06-11_0"",""track_handle"":3}]",[]
g5526_alternating,5526,alternating,2,2,q1,10,"[{""first_visible_plan_stage"":1,""mode"":""current"",""outer_request_id"":""q0"",""provider_rank"":2,""provider_ranking"":[20,0,4,6],""receipt_id"":""d378766f456a4530a518ad9433e98e54"",""request_id"":""q0"",""request_stage"":0,""tool"":""P""}]","[""q0""]",[0],[1],"[[""P"",""current""]]",[2],"[[20,0,4,6]]",no_fusion_cav1,0,forecast,receiver_subset_forecast,receiver_acquired_subset,"{""name"":""receiver_fixed_ego_at_t"",""revision"":""11x100ms_v1.subset.0.4.6.20""}",receiver_derived,23.996877666,737,2292,2405,4141,4397,3573,3829,False,context_budget,,,,"{""context_version"":{""name"":""fixed_ego_at_t"",""revision"":""11x100ms_v1""},""field_kind"":""anchor"",""g"":5526,""producer_version"":{""name"":""toolv2x_causal_tracker"",""revision"":""causal_windows_v1""},""provider"":""no_fusion_cav1"",""scene"":""testoutput_CAV_data_2022-03-17-16-06-11_0"",""track_handle"":0}","[{""context_version"":{""name"":""receiver_fixed_ego_at_t"",""revision"":""11x100ms_v1.subset.0.4.6.20""},""field_kind"":""forecast"",""g"":5526,""producer_version"":{""name"":""CMP_MTR_full_seed20"",""revision"":""epoch09""},""provider"":""no_fusion_cav1"",""scene"":""testoutput_CAV_data_2022-03-17-16-06-11_0"",""track_handle"":0}]","[{""context_version"":{""name"":""fixed_ego_at_t"",""revision"":""11x100ms_v1""},""field_kind"":""anchor"",""g"":5526,""producer_version"":{""name"":""toolv2x_causal_tracker"",""revision"":""causal_windows_v1""},""provider"":""no_fusion_cav1"",""scene"":""testoutput_CAV_data_2022-03-17-16-06-11_0"",""track_handle"":0},{""context_version"":{""name"":""fixed_ego_at_t"",""revision"":""11x100ms_v1""},""field_kind"":""history"",""g"":5526,""producer_version"":{""name"":""toolv2x_causal_tracker"",""revision"":""causal_windows_v1""},""provider"":""no_fusion_cav1"",""scene"":""testoutput_CAV_data_2022-03-17-16-06-11_0"",""track_handle"":0},{""context_version"":{""name"":""fixed_ego_at_t"",""revision"":""11x100ms_v1""},""field_kind"":""anchor"",""g"":5526,""producer_version"":{""name"":""toolv2x_causal_tracker"",""revision"":""causal_windows_v1""},""provider"":""no_fusion_cav1"",""scene"":""testoutput_CAV_data_2022-03-17-16-06-11_0"",""track_handle"":4},{""context_version"":{""name"":""fixed_ego_at_t"",""revision"":""11x100ms_v1""},""field_kind"":""history"",""g"":5526,""producer_version"":{""name"":""toolv2x_causal_tracker"",""revision"":""causal_windows_v1""},""provider"":""no_fusion_cav1"",""scene"":""testoutput_CAV_data_2022-03-17-16-06-11_0"",""track_handle"":4},{""context_version"":{""name"":""fixed_ego_at_t"",""revision"":""11x100ms_v1""},""field_kind"":""anchor"",""g"":5526,""producer_version"":{""name"":""toolv2x_causal_tracker"",""revision"":""causal_windows_v1""},""provider"":""no_fusion_cav1"",""scene"":""testoutput_CAV_data_2022-03-17-16-06-11_0"",""track_handle"":6},{""context_version"":{""name"":""fixed_ego_at_t"",""revision"":""11x100ms_v1""},""field_kind"":""history"",""g"":5526,""producer_version"":{""name"":""toolv2x_causal_tracker"",""revision"":""causal_windows_v1""},""provider"":""no_fusion_cav1"",""scene"":""testoutput_CAV_data_2022-03-17-16-06-11_0"",""track_handle"":6},{""context_version"":{""name"":""fixed_ego_at_t"",""revision"":""11x100ms_v1""},""field_kind"":""anchor"",""g"":5526,""producer_version"":{""name"":""toolv2x_causal_tracker"",""revision"":""causal_windows_v1""},""provider"":""no_fusion_cav1"",""scene"":""testoutput_CAV_data_2022-03-17-16-06-11_0"",""track_handle"":20},{""context_version"":{""name"":""fixed_ego_at_t"",""revision"":""11x100ms_v1""},""field_kind"":""history"",""g"":5526,""producer_version"":{""name"":""toolv2x_causal_tracker"",""revision"":""causal_windows_v1""},""provider"":""no_fusion_cav1"",""scene"":""testoutput_CAV_data_2022-03-17-16-06-11_0"",""track_handle"":20}]"
g5526_alternating,5526,alternating,2,2,q1,11,"[{""first_visible_plan_stage"":1,""mode"":""current"",""outer_request_id"":""q0"",""provider_rank"":2,""provider_ranking"":[20,0,4,6],""receipt_id"":""d378766f456a4530a518ad9433e98e54"",""request_id"":""q0"",""request_stage"":0,""tool"":""P""}]","[""q0""]",[0],[1],"[[""P"",""current""]]",[2],"[[20,0,4,6]]",no_fusion_cav1,0,history,history,,"{""name"":""fixed_ego_at_t"",""revision"":""11x100ms_v1""}",remote,23.996877666,791,2292,2405,4293,4549,3573,3829,False,context_budget,,,,"{""context_version"":{""name"":""fixed_ego_at_t"",""revision"":""11x100ms_v1""},""field_kind"":""anchor"",""g"":5526,""producer_version"":{""name"":""toolv2x_causal_tracker"",""revision"":""causal_windows_v1""},""provider"":""no_fusion_cav1"",""scene"":""testoutput_CAV_data_2022-03-17-16-06-11_0"",""track_handle"":0}","[{""context_version"":{""name"":""fixed_ego_at_t"",""revision"":""11x100ms_v1""},""field_kind"":""history"",""g"":5526,""producer_version"":{""name"":""toolv2x_causal_tracker"",""revision"":""causal_windows_v1""},""provider"":""no_fusion_cav1"",""scene"":""testoutput_CAV_data_2022-03-17-16-06-11_0"",""track_handle"":0}]",[]
g5526_alternating,5526,alternating,2,2,q1,12,"[{""first_visible_plan_stage"":2,""mode"":""change"",""outer_request_id"":""q1"",""provider_rank"":4,""provider_ranking"":[6,20,3,8],""receipt_id"":""ef85c3f9f79c4325a00eb6d365df6222"",""request_id"":""q1"",""request_stage"":1,""tool"":""F""}]","[""q1""]",[1],[2],"[[""F"",""change""]]",[4],"[[6,20,3,8]]",no_fusion_cav1,8,forecast,provider_full_forecast,provider_full_at_t,"{""name"":""fixed_ego_at_t"",""revision"":""11x100ms_v1""}",remote,53.349401685,743,2292,2405,4147,4403,3573,3829,False,context_budget,,,,"{""context_version"":{""name"":""fixed_ego_at_t"",""revision"":""11x100ms_v1""},""field_kind"":""anchor"",""g"":5526,""producer_version"":{""name"":""toolv2x_causal_tracker"",""revision"":""causal_windows_v1""},""provider"":""no_fusion_cav1"",""scene"":""testoutput_CAV_data_2022-03-17-16-06-11_0"",""track_handle"":8}","[{""context_version"":{""name"":""fixed_ego_at_t"",""revision"":""11x100ms_v1""},""field_kind"":""forecast"",""g"":5526,""producer_version"":{""name"":""CMP_MTR_full_seed20"",""revision"":""epoch09""},""provider"":""no_fusion_cav1"",""scene"":""testoutput_CAV_data_2022-03-17-16-06-11_0"",""track_handle"":8}]",[]
g5526_one_shot,5526,one_shot,1,1,bundle0,1,"[{""first_visible_plan_stage"":1,""mode"":""current"",""outer_request_id"":""bundle0"",""provider_rank"":3,""provider_ranking"":[3,6,20,4],""receipt_id"":""fbb9771389fc43ebb21b3493e4add7ea"",""request_id"":""bundle0:second"",""request_stage"":0,""tool"":""F""}]","[""bundle0""]",[0],[1],"[[""F"",""current""]]",[3],"[[3,6,20,4]]",no_fusion_cav1,20,forecast,provider_full_forecast,provider_full_at_t,"{""name"":""fixed_ego_at_t"",""revision"":""11x100ms_v1""}",remote,0.627451565,724,2292,2405,3016,3272,3016,3272,True,admitted,remote,0,"{""box"":{""area"":""object_rows"",""column"":0,""row"":0},""field_metadata"":{""area"":""object_rows"",""column"":1,""row"":0},""forecast"":{""area"":""object_rows"",""column"":2,""row"":0},""forecast_scores"":{""area"":""object_rows"",""column"":3,""row"":0},""forecast_times"":{""area"":""object_shared""},""model_used"":{""area"":""object_shared""},""score"":{""area"":""object_shared""},""source"":{""area"":""object_rows"",""column"":4,""row"":0},""track_id"":{""area"":""object_rows"",""column"":5,""row"":0}}","{""context_version"":{""name"":""fixed_ego_at_t"",""revision"":""11x100ms_v1""},""field_kind"":""anchor"",""g"":5526,""producer_version"":{""name"":""toolv2x_causal_tracker"",""revision"":""causal_windows_v1""},""provider"":""no_fusion_cav1"",""scene"":""testoutput_CAV_data_2022-03-17-16-06-11_0"",""track_handle"":20}","[{""context_version"":{""name"":""fixed_ego_at_t"",""revision"":""11x100ms_v1""},""field_kind"":""forecast"",""g"":5526,""producer_version"":{""name"":""CMP_MTR_full_seed20"",""revision"":""epoch09""},""provider"":""no_fusion_cav1"",""scene"":""testoutput_CAV_data_2022-03-17-16-06-11_0"",""track_handle"":20}]",[]
g5526_one_shot,5526,one_shot,1,1,bundle0,2,"[{""first_visible_plan_stage"":1,""mode"":""current"",""outer_request_id"":""bundle0"",""provider_rank"":1,""provider_ranking"":[20,0,4,6],""receipt_id"":""e845d505d13a47a7b7b0b97a51681aa0"",""request_id"":""q0"",""request_stage"":0,""tool"":""P""}]","[""bundle0""]",[0],[1],"[[""P"",""current""]]",[1],"[[20,0,4,6]]",no_fusion_cav1,20,forecast,receiver_subset_forecast,receiver_acquired_subset,"{""name"":""receiver_fixed_ego_at_t"",""revision"":""11x100ms_v1.subset.0.4.6.20""}",receiver_derived,0.627451565,734,2292,2405,3573,3829,3573,3829,True,admitted,remote,1,"{""box"":{""area"":""object_rows"",""column"":0,""row"":1},""field_metadata"":{""area"":""object_rows"",""column"":1,""row"":1},""forecast"":{""area"":""object_rows"",""column"":2,""row"":1},""forecast_scores"":{""area"":""object_rows"",""column"":3,""row"":1},""forecast_times"":{""area"":""object_shared""},""model_used"":{""area"":""object_shared""},""score"":{""area"":""object_shared""},""source"":{""area"":""object_rows"",""column"":4,""row"":1},""track_id"":{""area"":""object_rows"",""column"":5,""row"":1}}","{""context_version"":{""name"":""fixed_ego_at_t"",""revision"":""11x100ms_v1""},""field_kind"":""anchor"",""g"":5526,""producer_version"":{""name"":""toolv2x_causal_tracker"",""revision"":""causal_windows_v1""},""provider"":""no_fusion_cav1"",""scene"":""testoutput_CAV_data_2022-03-17-16-06-11_0"",""track_handle"":20}","[{""context_version"":{""name"":""receiver_fixed_ego_at_t"",""revision"":""11x100ms_v1.subset.0.4.6.20""},""field_kind"":""forecast"",""g"":5526,""producer_version"":{""name"":""CMP_MTR_full_seed20"",""revision"":""epoch09""},""provider"":""no_fusion_cav1"",""scene"":""testoutput_CAV_data_2022-03-17-16-06-11_0"",""track_handle"":20}]","[{""context_version"":{""name"":""fixed_ego_at_t"",""revision"":""11x100ms_v1""},""field_kind"":""anchor"",""g"":5526,""producer_version"":{""name"":""toolv2x_causal_tracker"",""revision"":""causal_windows_v1""},""provider"":""no_fusion_cav1"",""scene"":""testoutput_CAV_data_2022-03-17-16-06-11_0"",""track_handle"":0},{""context_version"":{""name"":""fixed_ego_at_t"",""revision"":""11x100ms_v1""},""field_kind"":""history"",""g"":5526,""producer_version"":{""name"":""toolv2x_causal_tracker"",""revision"":""causal_windows_v1""},""provider"":""no_fusion_cav1"",""scene"":""testoutput_CAV_data_2022-03-17-16-06-11_0"",""track_handle"":0},{""context_version"":{""name"":""fixed_ego_at_t"",""revision"":""11x100ms_v1""},""field_kind"":""anchor"",""g"":5526,""producer_version"":{""name"":""toolv2x_causal_tracker"",""revision"":""causal_windows_v1""},""provider"":""no_fusion_cav1"",""scene"":""testoutput_CAV_data_2022-03-17-16-06-11_0"",""track_handle"":4},{""context_version"":{""name"":""fixed_ego_at_t"",""revision"":""11x100ms_v1""},""field_kind"":""history"",""g"":5526,""producer_version"":{""name"":""toolv2x_causal_tracker"",""revision"":""causal_windows_v1""},""provider"":""no_fusion_cav1"",""scene"":""testoutput_CAV_data_2022-03-17-16-06-11_0"",""track_handle"":4},{""context_version"":{""name"":""fixed_ego_at_t"",""revision"":""11x100ms_v1""},""field_kind"":""anchor"",""g"":5526,""producer_version"":{""name"":""toolv2x_causal_tracker"",""revision"":""causal_windows_v1""},""provider"":""no_fusion_cav1"",""scene"":""testoutput_CAV_data_2022-03-17-16-06-11_0"",""track_handle"":6},{""context_version"":{""name"":""fixed_ego_at_t"",""revision"":""11x100ms_v1""},""field_kind"":""history"",""g"":5526,""producer_version"":{""name"":""toolv2x_causal_tracker"",""revision"":""causal_windows_v1""},""provider"":""no_fusion_cav1"",""scene"":""testoutput_CAV_data_2022-03-17-16-06-11_0"",""track_handle"":6},{""context_version"":{""name"":""fixed_ego_at_t"",""revision"":""11x100ms_v1""},""field_kind"":""anchor"",""g"":5526,""producer_version"":{""name"":""toolv2x_causal_tracker"",""revision"":""causal_windows_v1""},""provider"":""no_fusion_cav1"",""scene"":""testoutput_CAV_data_2022-03-17-16-06-11_0"",""track_handle"":20},{""context_version"":{""name"":""fixed_ego_at_t"",""revision"":""11x100ms_v1""},""field_kind"":""history"",""g"":5526,""producer_version"":{""name"":""toolv2x_causal_tracker"",""revision"":""causal_windows_v1""},""provider"":""no_fusion_cav1"",""scene"":""testoutput_CAV_data_2022-03-17-16-06-11_0"",""track_handle"":20}]"
g5526_one_shot,5526,one_shot,1,1,bundle0,3,"[{""first_visible_plan_stage"":1,""mode"":""current"",""outer_request_id"":""bundle0"",""provider_rank"":1,""provider_ranking"":[20,0,4,6],""receipt_id"":""e845d505d13a47a7b7b0b97a51681aa0"",""request_id"":""q0"",""request_stage"":0,""tool"":""P""}]","[""bundle0""]",[0],[1],"[[""P"",""current""]]",[1],"[[20,0,4,6]]",no_fusion_cav1,20,history,history,,"{""name"":""fixed_ego_at_t"",""revision"":""11x100ms_v1""}",remote,0.627451565,794,2292,2405,4194,4450,3573,3829,False,context_budget,,,,"{""context_version"":{""name"":""fixed_ego_at_t"",""revision"":""11x100ms_v1""},""field_kind"":""anchor"",""g"":5526,""producer_version"":{""name"":""toolv2x_causal_tracker"",""revision"":""causal_windows_v1""},""provider"":""no_fusion_cav1"",""scene"":""testoutput_CAV_data_2022-03-17-16-06-11_0"",""track_handle"":20}","[{""context_version"":{""name"":""fixed_ego_at_t"",""revision"":""11x100ms_v1""},""field_kind"":""history"",""g"":5526,""producer_version"":{""name"":""toolv2x_causal_tracker"",""revision"":""causal_windows_v1""},""provider"":""no_fusion_cav1"",""scene"":""testoutput_CAV_data_2022-03-17-16-06-11_0"",""track_handle"":20}]",[]
g5526_one_shot,5526,one_shot,1,1,bundle0,4,"[{""first_visible_plan_stage"":1,""mode"":""current"",""outer_request_id"":""bundle0"",""provider_rank"":2,""provider_ranking"":[3,6,20,4],""receipt_id"":""fbb9771389fc43ebb21b3493e4add7ea"",""request_id"":""bundle0:second"",""request_stage"":0,""tool"":""F""}]","[""bundle0""]",[0],[1],"[[""F"",""current""]]",[2],"[[3,6,20,4]]",no_fusion_cav1,6,forecast,provider_full_forecast,provider_full_at_t,"{""name"":""fixed_ego_at_t"",""revision"":""11x100ms_v1""}",remote,6.519300096,705,2292,2405,4109,4365,3573,3829,False,context_budget,,,,"{""context_version"":{""name"":""fixed_ego_at_t"",""revision"":""11x100ms_v1""},""field_kind"":""anchor"",""g"":5526,""producer_version"":{""name"":""toolv2x_causal_tracker"",""revision"":""causal_windows_v1""},""provider"":""no_fusion_cav1"",""scene"":""testoutput_CAV_data_2022-03-17-16-06-11_0"",""track_handle"":6}","[{""context_version"":{""name"":""fixed_ego_at_t"",""revision"":""11x100ms_v1""},""field_kind"":""forecast"",""g"":5526,""producer_version"":{""name"":""CMP_MTR_full_seed20"",""revision"":""epoch09""},""provider"":""no_fusion_cav1"",""scene"":""testoutput_CAV_data_2022-03-17-16-06-11_0"",""track_handle"":6}]",[]
g5526_one_shot,5526,one_shot,1,1,bundle0,5,"[{""first_visible_plan_stage"":1,""mode"":""current"",""outer_request_id"":""bundle0"",""provider_rank"":4,""provider_ranking"":[20,0,4,6],""receipt_id"":""e845d505d13a47a7b7b0b97a51681aa0"",""request_id"":""q0"",""request_stage"":0,""tool"":""P""}]","[""bundle0""]",[0],[1],"[[""P"",""current""]]",[4],"[[20,0,4,6]]",no_fusion_cav1,6,forecast,receiver_subset_forecast,receiver_acquired_subset,"{""name"":""receiver_fixed_ego_at_t"",""revision"":""11x100ms_v1.subset.0.4.6.20""}",receiver_derived,6.519300096,714,2292,2405,4118,4374,3573,3829,False,context_budget,,,,"{""context_version"":{""name"":""fixed_ego_at_t"",""revision"":""11x100ms_v1""},""field_kind"":""anchor"",""g"":5526,""producer_version"":{""name"":""toolv2x_causal_tracker"",""revision"":""causal_windows_v1""},""provider"":""no_fusion_cav1"",""scene"":""testoutput_CAV_data_2022-03-17-16-06-11_0"",""track_handle"":6}","[{""context_version"":{""name"":""receiver_fixed_ego_at_t"",""revision"":""11x100ms_v1.subset.0.4.6.20""},""field_kind"":""forecast"",""g"":5526,""producer_version"":{""name"":""CMP_MTR_full_seed20"",""revision"":""epoch09""},""provider"":""no_fusion_cav1"",""scene"":""testoutput_CAV_data_2022-03-17-16-06-11_0"",""track_handle"":6}]","[{""context_version"":{""name"":""fixed_ego_at_t"",""revision"":""11x100ms_v1""},""field_kind"":""anchor"",""g"":5526,""producer_version"":{""name"":""toolv2x_causal_tracker"",""revision"":""causal_windows_v1""},""provider"":""no_fusion_cav1"",""scene"":""testoutput_CAV_data_2022-03-17-16-06-11_0"",""track_handle"":0},{""context_version"":{""name"":""fixed_ego_at_t"",""revision"":""11x100ms_v1""},""field_kind"":""history"",""g"":5526,""producer_version"":{""name"":""toolv2x_causal_tracker"",""revision"":""causal_windows_v1""},""provider"":""no_fusion_cav1"",""scene"":""testoutput_CAV_data_2022-03-17-16-06-11_0"",""track_handle"":0},{""context_version"":{""name"":""fixed_ego_at_t"",""revision"":""11x100ms_v1""},""field_kind"":""anchor"",""g"":5526,""producer_version"":{""name"":""toolv2x_causal_tracker"",""revision"":""causal_windows_v1""},""provider"":""no_fusion_cav1"",""scene"":""testoutput_CAV_data_2022-03-17-16-06-11_0"",""track_handle"":4},{""context_version"":{""name"":""fixed_ego_at_t"",""revision"":""11x100ms_v1""},""field_kind"":""history"",""g"":5526,""producer_version"":{""name"":""toolv2x_causal_tracker"",""revision"":""causal_windows_v1""},""provider"":""no_fusion_cav1"",""scene"":""testoutput_CAV_data_2022-03-17-16-06-11_0"",""track_handle"":4},{""context_version"":{""name"":""fixed_ego_at_t"",""revision"":""11x100ms_v1""},""field_kind"":""anchor"",""g"":5526,""producer_version"":{""name"":""toolv2x_causal_tracker"",""revision"":""causal_windows_v1""},""provider"":""no_fusion_cav1"",""scene"":""testoutput_CAV_data_2022-03-17-16-06-11_0"",""track_handle"":6},{""context_version"":{""name"":""fixed_ego_at_t"",""revision"":""11x100ms_v1""},""field_kind"":""history"",""g"":5526,""producer_version"":{""name"":""toolv2x_causal_tracker"",""revision"":""causal_windows_v1""},""provider"":""no_fusion_cav1"",""scene"":""testoutput_CAV_data_2022-03-17-16-06-11_0"",""track_handle"":6},{""context_version"":{""name"":""fixed_ego_at_t"",""revision"":""11x100ms_v1""},""field_kind"":""anchor"",""g"":5526,""producer_version"":{""name"":""toolv2x_causal_tracker"",""revision"":""causal_windows_v1""},""provider"":""no_fusion_cav1"",""scene"":""testoutput_CAV_data_2022-03-17-16-06-11_0"",""track_handle"":20},{""context_version"":{""name"":""fixed_ego_at_t"",""revision"":""11x100ms_v1""},""field_kind"":""history"",""g"":5526,""producer_version"":{""name"":""toolv2x_causal_tracker"",""revision"":""causal_windows_v1""},""provider"":""no_fusion_cav1"",""scene"":""testoutput_CAV_data_2022-03-17-16-06-11_0"",""track_handle"":20}]"
g5526_one_shot,5526,one_shot,1,1,bundle0,6,"[{""first_visible_plan_stage"":1,""mode"":""current"",""outer_request_id"":""bundle0"",""provider_rank"":4,""provider_ranking"":[20,0,4,6],""receipt_id"":""e845d505d13a47a7b7b0b97a51681aa0"",""request_id"":""q0"",""request_stage"":0,""tool"":""P""}]","[""bundle0""]",[0],[1],"[[""P"",""current""]]",[4],"[[20,0,4,6]]",no_fusion_cav1,6,history,history,,"{""name"":""fixed_ego_at_t"",""revision"":""11x100ms_v1""}",remote,6.519300096,777,2292,2405,4279,4535,3573,3829,False,context_budget,,,,"{""context_version"":{""name"":""fixed_ego_at_t"",""revision"":""11x100ms_v1""},""field_kind"":""anchor"",""g"":5526,""producer_version"":{""name"":""toolv2x_causal_tracker"",""revision"":""causal_windows_v1""},""provider"":""no_fusion_cav1"",""scene"":""testoutput_CAV_data_2022-03-17-16-06-11_0"",""track_handle"":6}","[{""context_version"":{""name"":""fixed_ego_at_t"",""revision"":""11x100ms_v1""},""field_kind"":""history"",""g"":5526,""producer_version"":{""name"":""toolv2x_causal_tracker"",""revision"":""causal_windows_v1""},""provider"":""no_fusion_cav1"",""scene"":""testoutput_CAV_data_2022-03-17-16-06-11_0"",""track_handle"":6}]",[]
g5526_one_shot,5526,one_shot,1,1,bundle0,7,"[{""first_visible_plan_stage"":1,""mode"":""current"",""outer_request_id"":""bundle0"",""provider_rank"":4,""provider_ranking"":[3,6,20,4],""receipt_id"":""fbb9771389fc43ebb21b3493e4add7ea"",""request_id"":""bundle0:second"",""request_stage"":0,""tool"":""F""}]","[""bundle0""]",[0],[1],"[[""F"",""current""]]",[4],"[[3,6,20,4]]",no_fusion_cav1,4,forecast,provider_full_forecast,provider_full_at_t,"{""name"":""fixed_ego_at_t"",""revision"":""11x100ms_v1""}",remote,9.585312095,707,2292,2405,4111,4367,3573,3829,False,context_budget,,,,"{""context_version"":{""name"":""fixed_ego_at_t"",""revision"":""11x100ms_v1""},""field_kind"":""anchor"",""g"":5526,""producer_version"":{""name"":""toolv2x_causal_tracker"",""revision"":""causal_windows_v1""},""provider"":""no_fusion_cav1"",""scene"":""testoutput_CAV_data_2022-03-17-16-06-11_0"",""track_handle"":4}","[{""context_version"":{""name"":""fixed_ego_at_t"",""revision"":""11x100ms_v1""},""field_kind"":""forecast"",""g"":5526,""producer_version"":{""name"":""CMP_MTR_full_seed20"",""revision"":""epoch09""},""provider"":""no_fusion_cav1"",""scene"":""testoutput_CAV_data_2022-03-17-16-06-11_0"",""track_handle"":4}]",[]
g5526_one_shot,5526,one_shot,1,1,bundle0,8,"[{""first_visible_plan_stage"":1,""mode"":""current"",""outer_request_id"":""bundle0"",""provider_rank"":3,""provider_ranking"":[20,0,4,6],""receipt_id"":""e845d505d13a47a7b7b0b97a51681aa0"",""request_id"":""q0"",""request_stage"":0,""tool"":""P""}]","[""bundle0""]",[0],[1],"[[""P"",""current""]]",[3],"[[20,0,4,6]]",no_fusion_cav1,4,forecast,receiver_subset_forecast,receiver_acquired_subset,"{""name"":""receiver_fixed_ego_at_t"",""revision"":""11x100ms_v1.subset.0.4.6.20""}",receiver_derived,9.585312095,722,2292,2405,4126,4382,3573,3829,False,context_budget,,,,"{""context_version"":{""name"":""fixed_ego_at_t"",""revision"":""11x100ms_v1""},""field_kind"":""anchor"",""g"":5526,""producer_version"":{""name"":""toolv2x_causal_tracker"",""revision"":""causal_windows_v1""},""provider"":""no_fusion_cav1"",""scene"":""testoutput_CAV_data_2022-03-17-16-06-11_0"",""track_handle"":4}","[{""context_version"":{""name"":""receiver_fixed_ego_at_t"",""revision"":""11x100ms_v1.subset.0.4.6.20""},""field_kind"":""forecast"",""g"":5526,""producer_version"":{""name"":""CMP_MTR_full_seed20"",""revision"":""epoch09""},""provider"":""no_fusion_cav1"",""scene"":""testoutput_CAV_data_2022-03-17-16-06-11_0"",""track_handle"":4}]","[{""context_version"":{""name"":""fixed_ego_at_t"",""revision"":""11x100ms_v1""},""field_kind"":""anchor"",""g"":5526,""producer_version"":{""name"":""toolv2x_causal_tracker"",""revision"":""causal_windows_v1""},""provider"":""no_fusion_cav1"",""scene"":""testoutput_CAV_data_2022-03-17-16-06-11_0"",""track_handle"":0},{""context_version"":{""name"":""fixed_ego_at_t"",""revision"":""11x100ms_v1""},""field_kind"":""history"",""g"":5526,""producer_version"":{""name"":""toolv2x_causal_tracker"",""revision"":""causal_windows_v1""},""provider"":""no_fusion_cav1"",""scene"":""testoutput_CAV_data_2022-03-17-16-06-11_0"",""track_handle"":0},{""context_version"":{""name"":""fixed_ego_at_t"",""revision"":""11x100ms_v1""},""field_kind"":""anchor"",""g"":5526,""producer_version"":{""name"":""toolv2x_causal_tracker"",""revision"":""causal_windows_v1""},""provider"":""no_fusion_cav1"",""scene"":""testoutput_CAV_data_2022-03-17-16-06-11_0"",""track_handle"":4},{""context_version"":{""name"":""fixed_ego_at_t"",""revision"":""11x100ms_v1""},""field_kind"":""history"",""g"":5526,""producer_version"":{""name"":""toolv2x_causal_tracker"",""revision"":""causal_windows_v1""},""provider"":""no_fusion_cav1"",""scene"":""testoutput_CAV_data_2022-03-17-16-06-11_0"",""track_handle"":4},{""context_version"":{""name"":""fixed_ego_at_t"",""revision"":""11x100ms_v1""},""field_kind"":""anchor"",""g"":5526,""producer_version"":{""name"":""toolv2x_causal_tracker"",""revision"":""causal_windows_v1""},""provider"":""no_fusion_cav1"",""scene"":""testoutput_CAV_data_2022-03-17-16-06-11_0"",""track_handle"":6},{""context_version"":{""name"":""fixed_ego_at_t"",""revision"":""11x100ms_v1""},""field_kind"":""history"",""g"":5526,""producer_version"":{""name"":""toolv2x_causal_tracker"",""revision"":""causal_windows_v1""},""provider"":""no_fusion_cav1"",""scene"":""testoutput_CAV_data_2022-03-17-16-06-11_0"",""track_handle"":6},{""context_version"":{""name"":""fixed_ego_at_t"",""revision"":""11x100ms_v1""},""field_kind"":""anchor"",""g"":5526,""producer_version"":{""name"":""toolv2x_causal_tracker"",""revision"":""causal_windows_v1""},""provider"":""no_fusion_cav1"",""scene"":""testoutput_CAV_data_2022-03-17-16-06-11_0"",""track_handle"":20},{""context_version"":{""name"":""fixed_ego_at_t"",""revision"":""11x100ms_v1""},""field_kind"":""history"",""g"":5526,""producer_version"":{""name"":""toolv2x_causal_tracker"",""revision"":""causal_windows_v1""},""provider"":""no_fusion_cav1"",""scene"":""testoutput_CAV_data_2022-03-17-16-06-11_0"",""track_handle"":20}]"
g5526_one_shot,5526,one_shot,1,1,bundle0,9,"[{""first_visible_plan_stage"":1,""mode"":""current"",""outer_request_id"":""bundle0"",""provider_rank"":3,""provider_ranking"":[20,0,4,6],""receipt_id"":""e845d505d13a47a7b7b0b97a51681aa0"",""request_id"":""q0"",""request_stage"":0,""tool"":""P""}]","[""bundle0""]",[0],[1],"[[""P"",""current""]]",[3],"[[20,0,4,6]]",no_fusion_cav1,4,history,history,,"{""name"":""fixed_ego_at_t"",""revision"":""11x100ms_v1""}",remote,9.585312095,777,2292,2405,4279,4535,3573,3829,False,context_budget,,,,"{""context_version"":{""name"":""fixed_ego_at_t"",""revision"":""11x100ms_v1""},""field_kind"":""anchor"",""g"":5526,""producer_version"":{""name"":""toolv2x_causal_tracker"",""revision"":""causal_windows_v1""},""provider"":""no_fusion_cav1"",""scene"":""testoutput_CAV_data_2022-03-17-16-06-11_0"",""track_handle"":4}","[{""context_version"":{""name"":""fixed_ego_at_t"",""revision"":""11x100ms_v1""},""field_kind"":""history"",""g"":5526,""producer_version"":{""name"":""toolv2x_causal_tracker"",""revision"":""causal_windows_v1""},""provider"":""no_fusion_cav1"",""scene"":""testoutput_CAV_data_2022-03-17-16-06-11_0"",""track_handle"":4}]",[]
g5526_one_shot,5526,one_shot,1,1,bundle0,10,"[{""first_visible_plan_stage"":1,""mode"":""current"",""outer_request_id"":""bundle0"",""provider_rank"":1,""provider_ranking"":[3,6,20,4],""receipt_id"":""fbb9771389fc43ebb21b3493e4add7ea"",""request_id"":""bundle0:second"",""request_stage"":0,""tool"":""F""}]","[""bundle0""]",[0],[1],"[[""F"",""current""]]",[1],"[[3,6,20,4]]",no_fusion_cav1,3,forecast,provider_full_forecast,provider_full_at_t,"{""name"":""fixed_ego_at_t"",""revision"":""11x100ms_v1""}",remote,15.109988107,725,2292,2405,4129,4385,3573,3829,False,context_budget,,,,"{""context_version"":{""name"":""fixed_ego_at_t"",""revision"":""11x100ms_v1""},""field_kind"":""anchor"",""g"":5526,""producer_version"":{""name"":""toolv2x_causal_tracker"",""revision"":""causal_windows_v1""},""provider"":""no_fusion_cav1"",""scene"":""testoutput_CAV_data_2022-03-17-16-06-11_0"",""track_handle"":3}","[{""context_version"":{""name"":""fixed_ego_at_t"",""revision"":""11x100ms_v1""},""field_kind"":""forecast"",""g"":5526,""producer_version"":{""name"":""CMP_MTR_full_seed20"",""revision"":""epoch09""},""provider"":""no_fusion_cav1"",""scene"":""testoutput_CAV_data_2022-03-17-16-06-11_0"",""track_handle"":3}]",[]
g5526_one_shot,5526,one_shot,1,1,bundle0,11,"[{""first_visible_plan_stage"":1,""mode"":""current"",""outer_request_id"":""bundle0"",""provider_rank"":2,""provider_ranking"":[20,0,4,6],""receipt_id"":""e845d505d13a47a7b7b0b97a51681aa0"",""request_id"":""q0"",""request_stage"":0,""tool"":""P""}]","[""bundle0""]",[0],[1],"[[""P"",""current""]]",[2],"[[20,0,4,6]]",no_fusion_cav1,0,forecast,receiver_subset_forecast,receiver_acquired_subset,"{""name"":""receiver_fixed_ego_at_t"",""revision"":""11x100ms_v1.subset.0.4.6.20""}",receiver_derived,23.996877666,737,2292,2405,4141,4397,3573,3829,False,context_budget,,,,"{""context_version"":{""name"":""fixed_ego_at_t"",""revision"":""11x100ms_v1""},""field_kind"":""anchor"",""g"":5526,""producer_version"":{""name"":""toolv2x_causal_tracker"",""revision"":""causal_windows_v1""},""provider"":""no_fusion_cav1"",""scene"":""testoutput_CAV_data_2022-03-17-16-06-11_0"",""track_handle"":0}","[{""context_version"":{""name"":""receiver_fixed_ego_at_t"",""revision"":""11x100ms_v1.subset.0.4.6.20""},""field_kind"":""forecast"",""g"":5526,""producer_version"":{""name"":""CMP_MTR_full_seed20"",""revision"":""epoch09""},""provider"":""no_fusion_cav1"",""scene"":""testoutput_CAV_data_2022-03-17-16-06-11_0"",""track_handle"":0}]","[{""context_version"":{""name"":""fixed_ego_at_t"",""revision"":""11x100ms_v1""},""field_kind"":""anchor"",""g"":5526,""producer_version"":{""name"":""toolv2x_causal_tracker"",""revision"":""causal_windows_v1""},""provider"":""no_fusion_cav1"",""scene"":""testoutput_CAV_data_2022-03-17-16-06-11_0"",""track_handle"":0},{""context_version"":{""name"":""fixed_ego_at_t"",""revision"":""11x100ms_v1""},""field_kind"":""history"",""g"":5526,""producer_version"":{""name"":""toolv2x_causal_tracker"",""revision"":""causal_windows_v1""},""provider"":""no_fusion_cav1"",""scene"":""testoutput_CAV_data_2022-03-17-16-06-11_0"",""track_handle"":0},{""context_version"":{""name"":""fixed_ego_at_t"",""revision"":""11x100ms_v1""},""field_kind"":""anchor"",""g"":5526,""producer_version"":{""name"":""toolv2x_causal_tracker"",""revision"":""causal_windows_v1""},""provider"":""no_fusion_cav1"",""scene"":""testoutput_CAV_data_2022-03-17-16-06-11_0"",""track_handle"":4},{""context_version"":{""name"":""fixed_ego_at_t"",""revision"":""11x100ms_v1""},""field_kind"":""history"",""g"":5526,""producer_version"":{""name"":""toolv2x_causal_tracker"",""revision"":""causal_windows_v1""},""provider"":""no_fusion_cav1"",""scene"":""testoutput_CAV_data_2022-03-17-16-06-11_0"",""track_handle"":4},{""context_version"":{""name"":""fixed_ego_at_t"",""revision"":""11x100ms_v1""},""field_kind"":""anchor"",""g"":5526,""producer_version"":{""name"":""toolv2x_causal_tracker"",""revision"":""causal_windows_v1""},""provider"":""no_fusion_cav1"",""scene"":""testoutput_CAV_data_2022-03-17-16-06-11_0"",""track_handle"":6},{""context_version"":{""name"":""fixed_ego_at_t"",""revision"":""11x100ms_v1""},""field_kind"":""history"",""g"":5526,""producer_version"":{""name"":""toolv2x_causal_tracker"",""revision"":""causal_windows_v1""},""provider"":""no_fusion_cav1"",""scene"":""testoutput_CAV_data_2022-03-17-16-06-11_0"",""track_handle"":6},{""context_version"":{""name"":""fixed_ego_at_t"",""revision"":""11x100ms_v1""},""field_kind"":""anchor"",""g"":5526,""producer_version"":{""name"":""toolv2x_causal_tracker"",""revision"":""causal_windows_v1""},""provider"":""no_fusion_cav1"",""scene"":""testoutput_CAV_data_2022-03-17-16-06-11_0"",""track_handle"":20},{""context_version"":{""name"":""fixed_ego_at_t"",""revision"":""11x100ms_v1""},""field_kind"":""history"",""g"":5526,""producer_version"":{""name"":""toolv2x_causal_tracker"",""revision"":""causal_windows_v1""},""provider"":""no_fusion_cav1"",""scene"":""testoutput_CAV_data_2022-03-17-16-06-11_0"",""track_handle"":20}]"
g5526_one_shot,5526,one_shot,1,1,bundle0,12,"[{""first_visible_plan_stage"":1,""mode"":""current"",""outer_request_id"":""bundle0"",""provider_rank"":2,""provider_ranking"":[20,0,4,6],""receipt_id"":""e845d505d13a47a7b7b0b97a51681aa0"",""request_id"":""q0"",""request_stage"":0,""tool"":""P""}]","[""bundle0""]",[0],[1],"[[""P"",""current""]]",[2],"[[20,0,4,6]]",no_fusion_cav1,0,history,history,,"{""name"":""fixed_ego_at_t"",""revision"":""11x100ms_v1""}",remote,23.996877666,791,2292,2405,4293,4549,3573,3829,False,context_budget,,,,"{""context_version"":{""name"":""fixed_ego_at_t"",""revision"":""11x100ms_v1""},""field_kind"":""anchor"",""g"":5526,""producer_version"":{""name"":""toolv2x_causal_tracker"",""revision"":""causal_windows_v1""},""provider"":""no_fusion_cav1"",""scene"":""testoutput_CAV_data_2022-03-17-16-06-11_0"",""track_handle"":0}","[{""context_version"":{""name"":""fixed_ego_at_t"",""revision"":""11x100ms_v1""},""field_kind"":""history"",""g"":5526,""producer_version"":{""name"":""toolv2x_causal_tracker"",""revision"":""causal_windows_v1""},""provider"":""no_fusion_cav1"",""scene"":""testoutput_CAV_data_2022-03-17-16-06-11_0"",""track_handle"":0}]",[]
g7007_alternating,7007,alternating,1,1,q0,1,"[{""first_visible_plan_stage"":1,""mode"":""current"",""outer_request_id"":""q0"",""provider_rank"":1,""provider_ranking"":[0,5,11,21],""receipt_id"":""d7e6863477824903b588f1cf372899d0"",""request_id"":""q0"",""request_stage"":0,""tool"":""P""}]","[""q0""]",[0],[1],"[[""P"",""current""]]",[1],"[[0,5,11,21]]",no_fusion_cav1,0,forecast,receiver_subset_forecast,receiver_acquired_subset,"{""name"":""receiver_fixed_ego_at_t"",""revision"":""11x100ms_v1.subset.0.5.11.21""}",receiver_derived,0.163537702,733,2300,2413,3033,3289,3033,3289,True,admitted,remote,0,"{""box"":{""area"":""object_rows"",""column"":0,""row"":0},""field_metadata"":{""area"":""object_rows"",""column"":1,""row"":0},""forecast"":{""area"":""object_rows"",""column"":2,""row"":0},""forecast_scores"":{""area"":""object_rows"",""column"":3,""row"":0},""forecast_times"":{""area"":""object_rows"",""column"":4,""row"":0},""model_used"":{""area"":""object_rows"",""column"":9,""row"":0},""score"":{""area"":""object_shared""},""source"":{""area"":""object_rows"",""column"":11,""row"":0},""track_id"":{""area"":""object_rows"",""column"":12,""row"":0}}","{""context_version"":{""name"":""fixed_ego_at_t"",""revision"":""11x100ms_v1""},""field_kind"":""anchor"",""g"":7007,""producer_version"":{""name"":""toolv2x_causal_tracker"",""revision"":""causal_windows_v1""},""provider"":""no_fusion_cav1"",""scene"":""testoutput_CAV_data_2022-03-21-09-50-20_10"",""track_handle"":0}","[{""context_version"":{""name"":""receiver_fixed_ego_at_t"",""revision"":""11x100ms_v1.subset.0.5.11.21""},""field_kind"":""forecast"",""g"":7007,""producer_version"":{""name"":""CMP_MTR_full_seed20"",""revision"":""epoch09""},""provider"":""no_fusion_cav1"",""scene"":""testoutput_CAV_data_2022-03-21-09-50-20_10"",""track_handle"":0}]","[{""context_version"":{""name"":""fixed_ego_at_t"",""revision"":""11x100ms_v1""},""field_kind"":""anchor"",""g"":7007,""producer_version"":{""name"":""toolv2x_causal_tracker"",""revision"":""causal_windows_v1""},""provider"":""no_fusion_cav1"",""scene"":""testoutput_CAV_data_2022-03-21-09-50-20_10"",""track_handle"":0},{""context_version"":{""name"":""fixed_ego_at_t"",""revision"":""11x100ms_v1""},""field_kind"":""history"",""g"":7007,""producer_version"":{""name"":""toolv2x_causal_tracker"",""revision"":""causal_windows_v1""},""provider"":""no_fusion_cav1"",""scene"":""testoutput_CAV_data_2022-03-21-09-50-20_10"",""track_handle"":0},{""context_version"":{""name"":""fixed_ego_at_t"",""revision"":""11x100ms_v1""},""field_kind"":""anchor"",""g"":7007,""producer_version"":{""name"":""toolv2x_causal_tracker"",""revision"":""causal_windows_v1""},""provider"":""no_fusion_cav1"",""scene"":""testoutput_CAV_data_2022-03-21-09-50-20_10"",""track_handle"":5},{""context_version"":{""name"":""fixed_ego_at_t"",""revision"":""11x100ms_v1""},""field_kind"":""history"",""g"":7007,""producer_version"":{""name"":""toolv2x_causal_tracker"",""revision"":""causal_windows_v1""},""provider"":""no_fusion_cav1"",""scene"":""testoutput_CAV_data_2022-03-21-09-50-20_10"",""track_handle"":5},{""context_version"":{""name"":""fixed_ego_at_t"",""revision"":""11x100ms_v1""},""field_kind"":""anchor"",""g"":7007,""producer_version"":{""name"":""toolv2x_causal_tracker"",""revision"":""causal_windows_v1""},""provider"":""no_fusion_cav1"",""scene"":""testoutput_CAV_data_2022-03-21-09-50-20_10"",""track_handle"":11},{""context_version"":{""name"":""fixed_ego_at_t"",""revision"":""11x100ms_v1""},""field_kind"":""history"",""g"":7007,""producer_version"":{""name"":""toolv2x_causal_tracker"",""revision"":""causal_windows_v1""},""provider"":""no_fusion_cav1"",""scene"":""testoutput_CAV_data_2022-03-21-09-50-20_10"",""track_handle"":11},{""context_version"":{""name"":""fixed_ego_at_t"",""revision"":""11x100ms_v1""},""field_kind"":""anchor"",""g"":7007,""producer_version"":{""name"":""toolv2x_causal_tracker"",""revision"":""causal_windows_v1""},""provider"":""no_fusion_cav1"",""scene"":""testoutput_CAV_data_2022-03-21-09-50-20_10"",""track_handle"":21},{""context_version"":{""name"":""fixed_ego_at_t"",""revision"":""11x100ms_v1""},""field_kind"":""history"",""g"":7007,""producer_version"":{""name"":""toolv2x_causal_tracker"",""revision"":""causal_windows_v1""},""provider"":""no_fusion_cav1"",""scene"":""testoutput_CAV_data_2022-03-21-09-50-20_10"",""track_handle"":21}]"
g7007_alternating,7007,alternating,1,1,q0,2,"[{""first_visible_plan_stage"":1,""mode"":""current"",""outer_request_id"":""q0"",""provider_rank"":1,""provider_ranking"":[0,5,11,21],""receipt_id"":""d7e6863477824903b588f1cf372899d0"",""request_id"":""q0"",""request_stage"":0,""tool"":""P""}]","[""q0""]",[0],[1],"[[""P"",""current""]]",[1],"[[0,5,11,21]]",no_fusion_cav1,0,history,history,,"{""name"":""fixed_ego_at_t"",""revision"":""11x100ms_v1""}",remote,0.163537702,789,2300,2413,3702,3958,3702,3958,True,admitted,remote,1,"{""box"":{""area"":""object_rows"",""column"":0,""row"":1},""field_metadata"":{""area"":""object_rows"",""column"":1,""row"":1},""history"":{""area"":""object_rows"",""column"":5,""row"":1},""history_scores"":{""area"":""object_rows"",""column"":6,""row"":1},""history_times"":{""area"":""object_rows"",""column"":7,""row"":1},""history_valid"":{""area"":""object_rows"",""column"":8,""row"":1},""proxy_status"":{""area"":""object_rows"",""column"":10,""row"":1},""score"":{""area"":""object_shared""},""source"":{""area"":""object_rows"",""column"":11,""row"":1},""track_id"":{""area"":""object_rows"",""column"":12,""row"":1}}","{""context_version"":{""name"":""fixed_ego_at_t"",""revision"":""11x100ms_v1""},""field_kind"":""anchor"",""g"":7007,""producer_version"":{""name"":""toolv2x_causal_tracker"",""revision"":""causal_windows_v1""},""provider"":""no_fusion_cav1"",""scene"":""testoutput_CAV_data_2022-03-21-09-50-20_10"",""track_handle"":0}","[{""context_version"":{""name"":""fixed_ego_at_t"",""revision"":""11x100ms_v1""},""field_kind"":""history"",""g"":7007,""producer_version"":{""name"":""toolv2x_causal_tracker"",""revision"":""causal_windows_v1""},""provider"":""no_fusion_cav1"",""scene"":""testoutput_CAV_data_2022-03-21-09-50-20_10"",""track_handle"":0}]",[]
g7007_alternating,7007,alternating,1,1,q0,3,"[{""first_visible_plan_stage"":1,""mode"":""current"",""outer_request_id"":""q0"",""provider_rank"":2,""provider_ranking"":[0,5,11,21],""receipt_id"":""d7e6863477824903b588f1cf372899d0"",""request_id"":""q0"",""request_stage"":0,""tool"":""P""}]","[""q0""]",[0],[1],"[[""P"",""current""]]",[2],"[[0,5,11,21]]",no_fusion_cav1,5,forecast,receiver_subset_forecast,receiver_acquired_subset,"{""name"":""receiver_fixed_ego_at_t"",""revision"":""11x100ms_v1.subset.0.5.11.21""}",receiver_derived,14.197673509,726,2300,2413,4300,4556,3702,3958,False,context_budget,,,,"{""context_version"":{""name"":""fixed_ego_at_t"",""revision"":""11x100ms_v1""},""field_kind"":""anchor"",""g"":7007,""producer_version"":{""name"":""toolv2x_causal_tracker"",""revision"":""causal_windows_v1""},""provider"":""no_fusion_cav1"",""scene"":""testoutput_CAV_data_2022-03-21-09-50-20_10"",""track_handle"":5}","[{""context_version"":{""name"":""receiver_fixed_ego_at_t"",""revision"":""11x100ms_v1.subset.0.5.11.21""},""field_kind"":""forecast"",""g"":7007,""producer_version"":{""name"":""CMP_MTR_full_seed20"",""revision"":""epoch09""},""provider"":""no_fusion_cav1"",""scene"":""testoutput_CAV_data_2022-03-21-09-50-20_10"",""track_handle"":5}]","[{""context_version"":{""name"":""fixed_ego_at_t"",""revision"":""11x100ms_v1""},""field_kind"":""anchor"",""g"":7007,""producer_version"":{""name"":""toolv2x_causal_tracker"",""revision"":""causal_windows_v1""},""provider"":""no_fusion_cav1"",""scene"":""testoutput_CAV_data_2022-03-21-09-50-20_10"",""track_handle"":0},{""context_version"":{""name"":""fixed_ego_at_t"",""revision"":""11x100ms_v1""},""field_kind"":""history"",""g"":7007,""producer_version"":{""name"":""toolv2x_causal_tracker"",""revision"":""causal_windows_v1""},""provider"":""no_fusion_cav1"",""scene"":""testoutput_CAV_data_2022-03-21-09-50-20_10"",""track_handle"":0},{""context_version"":{""name"":""fixed_ego_at_t"",""revision"":""11x100ms_v1""},""field_kind"":""anchor"",""g"":7007,""producer_version"":{""name"":""toolv2x_causal_tracker"",""revision"":""causal_windows_v1""},""provider"":""no_fusion_cav1"",""scene"":""testoutput_CAV_data_2022-03-21-09-50-20_10"",""track_handle"":5},{""context_version"":{""name"":""fixed_ego_at_t"",""revision"":""11x100ms_v1""},""field_kind"":""history"",""g"":7007,""producer_version"":{""name"":""toolv2x_causal_tracker"",""revision"":""causal_windows_v1""},""provider"":""no_fusion_cav1"",""scene"":""testoutput_CAV_data_2022-03-21-09-50-20_10"",""track_handle"":5},{""context_version"":{""name"":""fixed_ego_at_t"",""revision"":""11x100ms_v1""},""field_kind"":""anchor"",""g"":7007,""producer_version"":{""name"":""toolv2x_causal_tracker"",""revision"":""causal_windows_v1""},""provider"":""no_fusion_cav1"",""scene"":""testoutput_CAV_data_2022-03-21-09-50-20_10"",""track_handle"":11},{""context_version"":{""name"":""fixed_ego_at_t"",""revision"":""11x100ms_v1""},""field_kind"":""history"",""g"":7007,""producer_version"":{""name"":""toolv2x_causal_tracker"",""revision"":""causal_windows_v1""},""provider"":""no_fusion_cav1"",""scene"":""testoutput_CAV_data_2022-03-21-09-50-20_10"",""track_handle"":11},{""context_version"":{""name"":""fixed_ego_at_t"",""revision"":""11x100ms_v1""},""field_kind"":""anchor"",""g"":7007,""producer_version"":{""name"":""toolv2x_causal_tracker"",""revision"":""causal_windows_v1""},""provider"":""no_fusion_cav1"",""scene"":""testoutput_CAV_data_2022-03-21-09-50-20_10"",""track_handle"":21},{""context_version"":{""name"":""fixed_ego_at_t"",""revision"":""11x100ms_v1""},""field_kind"":""history"",""g"":7007,""producer_version"":{""name"":""toolv2x_causal_tracker"",""revision"":""causal_windows_v1""},""provider"":""no_fusion_cav1"",""scene"":""testoutput_CAV_data_2022-03-21-09-50-20_10"",""track_handle"":21}]"
g7007_alternating,7007,alternating,1,1,q0,4,"[{""first_visible_plan_stage"":1,""mode"":""current"",""outer_request_id"":""q0"",""provider_rank"":2,""provider_ranking"":[0,5,11,21],""receipt_id"":""d7e6863477824903b588f1cf372899d0"",""request_id"":""q0"",""request_stage"":0,""tool"":""P""}]","[""q0""]",[0],[1],"[[""P"",""current""]]",[2],"[[0,5,11,21]]",no_fusion_cav1,5,history,history,,"{""name"":""fixed_ego_at_t"",""revision"":""11x100ms_v1""}",remote,14.197673509,799,2300,2413,4370,4626,3702,3958,False,context_budget,,,,"{""context_version"":{""name"":""fixed_ego_at_t"",""revision"":""11x100ms_v1""},""field_kind"":""anchor"",""g"":7007,""producer_version"":{""name"":""toolv2x_causal_tracker"",""revision"":""causal_windows_v1""},""provider"":""no_fusion_cav1"",""scene"":""testoutput_CAV_data_2022-03-21-09-50-20_10"",""track_handle"":5}","[{""context_version"":{""name"":""fixed_ego_at_t"",""revision"":""11x100ms_v1""},""field_kind"":""history"",""g"":7007,""producer_version"":{""name"":""toolv2x_causal_tracker"",""revision"":""causal_windows_v1""},""provider"":""no_fusion_cav1"",""scene"":""testoutput_CAV_data_2022-03-21-09-50-20_10"",""track_handle"":5}]",[]
g7007_alternating,7007,alternating,1,1,q0,5,"[{""first_visible_plan_stage"":1,""mode"":""current"",""outer_request_id"":""q0"",""provider_rank"":3,""provider_ranking"":[0,5,11,21],""receipt_id"":""d7e6863477824903b588f1cf372899d0"",""request_id"":""q0"",""request_stage"":0,""tool"":""P""}]","[""q0""]",[0],[1],"[[""P"",""current""]]",[3],"[[0,5,11,21]]",no_fusion_cav1,11,forecast,receiver_subset_forecast,receiver_acquired_subset,"{""name"":""receiver_fixed_ego_at_t"",""revision"":""11x100ms_v1.subset.0.5.11.21""}",receiver_derived,16.774911113,732,2300,2413,4306,4562,3702,3958,False,context_budget,,,,"{""context_version"":{""name"":""fixed_ego_at_t"",""revision"":""11x100ms_v1""},""field_kind"":""anchor"",""g"":7007,""producer_version"":{""name"":""toolv2x_causal_tracker"",""revision"":""causal_windows_v1""},""provider"":""no_fusion_cav1"",""scene"":""testoutput_CAV_data_2022-03-21-09-50-20_10"",""track_handle"":11}","[{""context_version"":{""name"":""receiver_fixed_ego_at_t"",""revision"":""11x100ms_v1.subset.0.5.11.21""},""field_kind"":""forecast"",""g"":7007,""producer_version"":{""name"":""CMP_MTR_full_seed20"",""revision"":""epoch09""},""provider"":""no_fusion_cav1"",""scene"":""testoutput_CAV_data_2022-03-21-09-50-20_10"",""track_handle"":11}]","[{""context_version"":{""name"":""fixed_ego_at_t"",""revision"":""11x100ms_v1""},""field_kind"":""anchor"",""g"":7007,""producer_version"":{""name"":""toolv2x_causal_tracker"",""revision"":""causal_windows_v1""},""provider"":""no_fusion_cav1"",""scene"":""testoutput_CAV_data_2022-03-21-09-50-20_10"",""track_handle"":0},{""context_version"":{""name"":""fixed_ego_at_t"",""revision"":""11x100ms_v1""},""field_kind"":""history"",""g"":7007,""producer_version"":{""name"":""toolv2x_causal_tracker"",""revision"":""causal_windows_v1""},""provider"":""no_fusion_cav1"",""scene"":""testoutput_CAV_data_2022-03-21-09-50-20_10"",""track_handle"":0},{""context_version"":{""name"":""fixed_ego_at_t"",""revision"":""11x100ms_v1""},""field_kind"":""anchor"",""g"":7007,""producer_version"":{""name"":""toolv2x_causal_tracker"",""revision"":""causal_windows_v1""},""provider"":""no_fusion_cav1"",""scene"":""testoutput_CAV_data_2022-03-21-09-50-20_10"",""track_handle"":5},{""context_version"":{""name"":""fixed_ego_at_t"",""revision"":""11x100ms_v1""},""field_kind"":""history"",""g"":7007,""producer_version"":{""name"":""toolv2x_causal_tracker"",""revision"":""causal_windows_v1""},""provider"":""no_fusion_cav1"",""scene"":""testoutput_CAV_data_2022-03-21-09-50-20_10"",""track_handle"":5},{""context_version"":{""name"":""fixed_ego_at_t"",""revision"":""11x100ms_v1""},""field_kind"":""anchor"",""g"":7007,""producer_version"":{""name"":""toolv2x_causal_tracker"",""revision"":""causal_windows_v1""},""provider"":""no_fusion_cav1"",""scene"":""testoutput_CAV_data_2022-03-21-09-50-20_10"",""track_handle"":11},{""context_version"":{""name"":""fixed_ego_at_t"",""revision"":""11x100ms_v1""},""field_kind"":""history"",""g"":7007,""producer_version"":{""name"":""toolv2x_causal_tracker"",""revision"":""causal_windows_v1""},""provider"":""no_fusion_cav1"",""scene"":""testoutput_CAV_data_2022-03-21-09-50-20_10"",""track_handle"":11},{""context_version"":{""name"":""fixed_ego_at_t"",""revision"":""11x100ms_v1""},""field_kind"":""anchor"",""g"":7007,""producer_version"":{""name"":""toolv2x_causal_tracker"",""revision"":""causal_windows_v1""},""provider"":""no_fusion_cav1"",""scene"":""testoutput_CAV_data_2022-03-21-09-50-20_10"",""track_handle"":21},{""context_version"":{""name"":""fixed_ego_at_t"",""revision"":""11x100ms_v1""},""field_kind"":""history"",""g"":7007,""producer_version"":{""name"":""toolv2x_causal_tracker"",""revision"":""causal_windows_v1""},""provider"":""no_fusion_cav1"",""scene"":""testoutput_CAV_data_2022-03-21-09-50-20_10"",""track_handle"":21}]"
g7007_alternating,7007,alternating,1,1,q0,6,"[{""first_visible_plan_stage"":1,""mode"":""current"",""outer_request_id"":""q0"",""provider_rank"":3,""provider_ranking"":[0,5,11,21],""receipt_id"":""d7e6863477824903b588f1cf372899d0"",""request_id"":""q0"",""request_stage"":0,""tool"":""P""}]","[""q0""]",[0],[1],"[[""P"",""current""]]",[3],"[[0,5,11,21]]",no_fusion_cav1,11,history,history,,"{""name"":""fixed_ego_at_t"",""revision"":""11x100ms_v1""}",remote,16.774911113,805,2300,2413,4376,4632,3702,3958,False,context_budget,,,,"{""context_version"":{""name"":""fixed_ego_at_t"",""revision"":""11x100ms_v1""},""field_kind"":""anchor"",""g"":7007,""producer_version"":{""name"":""toolv2x_causal_tracker"",""revision"":""causal_windows_v1""},""provider"":""no_fusion_cav1"",""scene"":""testoutput_CAV_data_2022-03-21-09-50-20_10"",""track_handle"":11}","[{""context_version"":{""name"":""fixed_ego_at_t"",""revision"":""11x100ms_v1""},""field_kind"":""history"",""g"":7007,""producer_version"":{""name"":""toolv2x_causal_tracker"",""revision"":""causal_windows_v1""},""provider"":""no_fusion_cav1"",""scene"":""testoutput_CAV_data_2022-03-21-09-50-20_10"",""track_handle"":11}]",[]
g7007_alternating,7007,alternating,1,1,q0,7,"[{""first_visible_plan_stage"":1,""mode"":""current"",""outer_request_id"":""q0"",""provider_rank"":4,""provider_ranking"":[0,5,11,21],""receipt_id"":""d7e6863477824903b588f1cf372899d0"",""request_id"":""q0"",""request_stage"":0,""tool"":""P""}]","[""q0""]",[0],[1],"[[""P"",""current""]]",[4],"[[0,5,11,21]]",no_fusion_cav1,21,forecast,receiver_subset_forecast,receiver_acquired_subset,"{""name"":""receiver_fixed_ego_at_t"",""revision"":""11x100ms_v1.subset.0.5.11.21""}",receiver_derived,48.953029820,746,2300,2413,4319,4575,3702,3958,False,context_budget,,,,"{""context_version"":{""name"":""fixed_ego_at_t"",""revision"":""11x100ms_v1""},""field_kind"":""anchor"",""g"":7007,""producer_version"":{""name"":""toolv2x_causal_tracker"",""revision"":""causal_windows_v1""},""provider"":""no_fusion_cav1"",""scene"":""testoutput_CAV_data_2022-03-21-09-50-20_10"",""track_handle"":21}","[{""context_version"":{""name"":""receiver_fixed_ego_at_t"",""revision"":""11x100ms_v1.subset.0.5.11.21""},""field_kind"":""forecast"",""g"":7007,""producer_version"":{""name"":""CMP_MTR_full_seed20"",""revision"":""epoch09""},""provider"":""no_fusion_cav1"",""scene"":""testoutput_CAV_data_2022-03-21-09-50-20_10"",""track_handle"":21}]","[{""context_version"":{""name"":""fixed_ego_at_t"",""revision"":""11x100ms_v1""},""field_kind"":""anchor"",""g"":7007,""producer_version"":{""name"":""toolv2x_causal_tracker"",""revision"":""causal_windows_v1""},""provider"":""no_fusion_cav1"",""scene"":""testoutput_CAV_data_2022-03-21-09-50-20_10"",""track_handle"":0},{""context_version"":{""name"":""fixed_ego_at_t"",""revision"":""11x100ms_v1""},""field_kind"":""history"",""g"":7007,""producer_version"":{""name"":""toolv2x_causal_tracker"",""revision"":""causal_windows_v1""},""provider"":""no_fusion_cav1"",""scene"":""testoutput_CAV_data_2022-03-21-09-50-20_10"",""track_handle"":0},{""context_version"":{""name"":""fixed_ego_at_t"",""revision"":""11x100ms_v1""},""field_kind"":""anchor"",""g"":7007,""producer_version"":{""name"":""toolv2x_causal_tracker"",""revision"":""causal_windows_v1""},""provider"":""no_fusion_cav1"",""scene"":""testoutput_CAV_data_2022-03-21-09-50-20_10"",""track_handle"":5},{""context_version"":{""name"":""fixed_ego_at_t"",""revision"":""11x100ms_v1""},""field_kind"":""history"",""g"":7007,""producer_version"":{""name"":""toolv2x_causal_tracker"",""revision"":""causal_windows_v1""},""provider"":""no_fusion_cav1"",""scene"":""testoutput_CAV_data_2022-03-21-09-50-20_10"",""track_handle"":5},{""context_version"":{""name"":""fixed_ego_at_t"",""revision"":""11x100ms_v1""},""field_kind"":""anchor"",""g"":7007,""producer_version"":{""name"":""toolv2x_causal_tracker"",""revision"":""causal_windows_v1""},""provider"":""no_fusion_cav1"",""scene"":""testoutput_CAV_data_2022-03-21-09-50-20_10"",""track_handle"":11},{""context_version"":{""name"":""fixed_ego_at_t"",""revision"":""11x100ms_v1""},""field_kind"":""history"",""g"":7007,""producer_version"":{""name"":""toolv2x_causal_tracker"",""revision"":""causal_windows_v1""},""provider"":""no_fusion_cav1"",""scene"":""testoutput_CAV_data_2022-03-21-09-50-20_10"",""track_handle"":11},{""context_version"":{""name"":""fixed_ego_at_t"",""revision"":""11x100ms_v1""},""field_kind"":""anchor"",""g"":7007,""producer_version"":{""name"":""toolv2x_causal_tracker"",""revision"":""causal_windows_v1""},""provider"":""no_fusion_cav1"",""scene"":""testoutput_CAV_data_2022-03-21-09-50-20_10"",""track_handle"":21},{""context_version"":{""name"":""fixed_ego_at_t"",""revision"":""11x100ms_v1""},""field_kind"":""history"",""g"":7007,""producer_version"":{""name"":""toolv2x_causal_tracker"",""revision"":""causal_windows_v1""},""provider"":""no_fusion_cav1"",""scene"":""testoutput_CAV_data_2022-03-21-09-50-20_10"",""track_handle"":21}]"
g7007_alternating,7007,alternating,1,1,q0,8,"[{""first_visible_plan_stage"":1,""mode"":""current"",""outer_request_id"":""q0"",""provider_rank"":4,""provider_ranking"":[0,5,11,21],""receipt_id"":""d7e6863477824903b588f1cf372899d0"",""request_id"":""q0"",""request_stage"":0,""tool"":""P""}]","[""q0""]",[0],[1],"[[""P"",""current""]]",[4],"[[0,5,11,21]]",no_fusion_cav1,21,history,history,,"{""name"":""fixed_ego_at_t"",""revision"":""11x100ms_v1""}",remote,48.953029820,791,2300,2413,4361,4617,3702,3958,False,context_budget,,,,"{""context_version"":{""name"":""fixed_ego_at_t"",""revision"":""11x100ms_v1""},""field_kind"":""anchor"",""g"":7007,""producer_version"":{""name"":""toolv2x_causal_tracker"",""revision"":""causal_windows_v1""},""provider"":""no_fusion_cav1"",""scene"":""testoutput_CAV_data_2022-03-21-09-50-20_10"",""track_handle"":21}","[{""context_version"":{""name"":""fixed_ego_at_t"",""revision"":""11x100ms_v1""},""field_kind"":""history"",""g"":7007,""producer_version"":{""name"":""toolv2x_causal_tracker"",""revision"":""causal_windows_v1""},""provider"":""no_fusion_cav1"",""scene"":""testoutput_CAV_data_2022-03-21-09-50-20_10"",""track_handle"":21}]",[]
g7007_alternating,7007,alternating,2,2,q1,1,"[{""first_visible_plan_stage"":2,""mode"":""change"",""outer_request_id"":""q1"",""provider_rank"":1,""provider_ranking"":[0,21,5,11],""receipt_id"":""896b9f524fe443b2bc7bbdd22fecbb9d"",""request_id"":""q1"",""request_stage"":1,""tool"":""F""}]","[""q1""]",[1],[2],"[[""F"",""change""]]",[1],"[[0,21,5,11]]",no_fusion_cav1,0,forecast,provider_full_forecast,provider_full_at_t,"{""name"":""fixed_ego_at_t"",""revision"":""11x100ms_v1""}",remote,0.163537702,717,2300,2413,3017,3273,3017,3273,True,admitted,remote,0,"{""box"":{""area"":""object_rows"",""column"":0,""row"":0},""field_metadata"":{""area"":""object_rows"",""column"":1,""row"":0},""forecast"":{""area"":""object_rows"",""column"":2,""row"":0},""forecast_scores"":{""area"":""object_rows"",""column"":3,""row"":0},""forecast_times"":{""area"":""object_shared""},""model_used"":{""area"":""object_shared""},""score"":{""area"":""object_shared""},""source"":{""area"":""object_rows"",""column"":4,""row"":0},""track_id"":{""area"":""object_rows"",""column"":5,""row"":0}}","{""context_version"":{""name"":""fixed_ego_at_t"",""revision"":""11x100ms_v1""},""field_kind"":""anchor"",""g"":7007,""producer_version"":{""name"":""toolv2x_causal_tracker"",""revision"":""causal_windows_v1""},""provider"":""no_fusion_cav1"",""scene"":""testoutput_CAV_data_2022-03-21-09-50-20_10"",""track_handle"":0}","[{""context_version"":{""name"":""fixed_ego_at_t"",""revision"":""11x100ms_v1""},""field_kind"":""forecast"",""g"":7007,""producer_version"":{""name"":""CMP_MTR_full_seed20"",""revision"":""epoch09""},""provider"":""no_fusion_cav1"",""scene"":""testoutput_CAV_data_2022-03-21-09-50-20_10"",""track_handle"":0}]",[]
g7007_alternating,7007,alternating,2,2,q1,2,"[{""first_visible_plan_stage"":1,""mode"":""current"",""outer_request_id"":""q0"",""provider_rank"":1,""provider_ranking"":[0,5,11,21],""receipt_id"":""d7e6863477824903b588f1cf372899d0"",""request_id"":""q0"",""request_stage"":0,""tool"":""P""}]","[""q0""]",[0],[1],"[[""P"",""current""]]",[1],"[[0,5,11,21]]",no_fusion_cav1,0,forecast,receiver_subset_forecast,receiver_acquired_subset,"{""name"":""receiver_fixed_ego_at_t"",""revision"":""11x100ms_v1.subset.0.5.11.21""}",receiver_derived,0.163537702,733,2300,2413,3572,3828,3572,3828,True,admitted,remote,1,"{""box"":{""area"":""object_rows"",""column"":0,""row"":1},""field_metadata"":{""area"":""object_rows"",""column"":1,""row"":1},""forecast"":{""area"":""object_rows"",""column"":2,""row"":1},""forecast_scores"":{""area"":""object_rows"",""column"":3,""row"":1},""forecast_times"":{""area"":""object_shared""},""model_used"":{""area"":""object_shared""},""score"":{""area"":""object_shared""},""source"":{""area"":""object_rows"",""column"":4,""row"":1},""track_id"":{""area"":""object_rows"",""column"":5,""row"":1}}","{""context_version"":{""name"":""fixed_ego_at_t"",""revision"":""11x100ms_v1""},""field_kind"":""anchor"",""g"":7007,""producer_version"":{""name"":""toolv2x_causal_tracker"",""revision"":""causal_windows_v1""},""provider"":""no_fusion_cav1"",""scene"":""testoutput_CAV_data_2022-03-21-09-50-20_10"",""track_handle"":0}","[{""context_version"":{""name"":""receiver_fixed_ego_at_t"",""revision"":""11x100ms_v1.subset.0.5.11.21""},""field_kind"":""forecast"",""g"":7007,""producer_version"":{""name"":""CMP_MTR_full_seed20"",""revision"":""epoch09""},""provider"":""no_fusion_cav1"",""scene"":""testoutput_CAV_data_2022-03-21-09-50-20_10"",""track_handle"":0}]","[{""context_version"":{""name"":""fixed_ego_at_t"",""revision"":""11x100ms_v1""},""field_kind"":""anchor"",""g"":7007,""producer_version"":{""name"":""toolv2x_causal_tracker"",""revision"":""causal_windows_v1""},""provider"":""no_fusion_cav1"",""scene"":""testoutput_CAV_data_2022-03-21-09-50-20_10"",""track_handle"":0},{""context_version"":{""name"":""fixed_ego_at_t"",""revision"":""11x100ms_v1""},""field_kind"":""history"",""g"":7007,""producer_version"":{""name"":""toolv2x_causal_tracker"",""revision"":""causal_windows_v1""},""provider"":""no_fusion_cav1"",""scene"":""testoutput_CAV_data_2022-03-21-09-50-20_10"",""track_handle"":0},{""context_version"":{""name"":""fixed_ego_at_t"",""revision"":""11x100ms_v1""},""field_kind"":""anchor"",""g"":7007,""producer_version"":{""name"":""toolv2x_causal_tracker"",""revision"":""causal_windows_v1""},""provider"":""no_fusion_cav1"",""scene"":""testoutput_CAV_data_2022-03-21-09-50-20_10"",""track_handle"":5},{""context_version"":{""name"":""fixed_ego_at_t"",""revision"":""11x100ms_v1""},""field_kind"":""history"",""g"":7007,""producer_version"":{""name"":""toolv2x_causal_tracker"",""revision"":""causal_windows_v1""},""provider"":""no_fusion_cav1"",""scene"":""testoutput_CAV_data_2022-03-21-09-50-20_10"",""track_handle"":5},{""context_version"":{""name"":""fixed_ego_at_t"",""revision"":""11x100ms_v1""},""field_kind"":""anchor"",""g"":7007,""producer_version"":{""name"":""toolv2x_causal_tracker"",""revision"":""causal_windows_v1""},""provider"":""no_fusion_cav1"",""scene"":""testoutput_CAV_data_2022-03-21-09-50-20_10"",""track_handle"":11},{""context_version"":{""name"":""fixed_ego_at_t"",""revision"":""11x100ms_v1""},""field_kind"":""history"",""g"":7007,""producer_version"":{""name"":""toolv2x_causal_tracker"",""revision"":""causal_windows_v1""},""provider"":""no_fusion_cav1"",""scene"":""testoutput_CAV_data_2022-03-21-09-50-20_10"",""track_handle"":11},{""context_version"":{""name"":""fixed_ego_at_t"",""revision"":""11x100ms_v1""},""field_kind"":""anchor"",""g"":7007,""producer_version"":{""name"":""toolv2x_causal_tracker"",""revision"":""causal_windows_v1""},""provider"":""no_fusion_cav1"",""scene"":""testoutput_CAV_data_2022-03-21-09-50-20_10"",""track_handle"":21},{""context_version"":{""name"":""fixed_ego_at_t"",""revision"":""11x100ms_v1""},""field_kind"":""history"",""g"":7007,""producer_version"":{""name"":""toolv2x_causal_tracker"",""revision"":""causal_windows_v1""},""provider"":""no_fusion_cav1"",""scene"":""testoutput_CAV_data_2022-03-21-09-50-20_10"",""track_handle"":21}]"
g7007_alternating,7007,alternating,2,2,q1,3,"[{""first_visible_plan_stage"":1,""mode"":""current"",""outer_request_id"":""q0"",""provider_rank"":1,""provider_ranking"":[0,5,11,21],""receipt_id"":""d7e6863477824903b588f1cf372899d0"",""request_id"":""q0"",""request_stage"":0,""tool"":""P""}]","[""q0""]",[0],[1],"[[""P"",""current""]]",[1],"[[0,5,11,21]]",no_fusion_cav1,0,history,history,,"{""name"":""fixed_ego_at_t"",""revision"":""11x100ms_v1""}",remote,0.163537702,789,2300,2413,4191,4447,3572,3828,False,context_budget,,,,"{""context_version"":{""name"":""fixed_ego_at_t"",""revision"":""11x100ms_v1""},""field_kind"":""anchor"",""g"":7007,""producer_version"":{""name"":""toolv2x_causal_tracker"",""revision"":""causal_windows_v1""},""provider"":""no_fusion_cav1"",""scene"":""testoutput_CAV_data_2022-03-21-09-50-20_10"",""track_handle"":0}","[{""context_version"":{""name"":""fixed_ego_at_t"",""revision"":""11x100ms_v1""},""field_kind"":""history"",""g"":7007,""producer_version"":{""name"":""toolv2x_causal_tracker"",""revision"":""causal_windows_v1""},""provider"":""no_fusion_cav1"",""scene"":""testoutput_CAV_data_2022-03-21-09-50-20_10"",""track_handle"":0}]",[]
g7007_alternating,7007,alternating,2,2,q1,4,"[{""first_visible_plan_stage"":2,""mode"":""change"",""outer_request_id"":""q1"",""provider_rank"":3,""provider_ranking"":[0,21,5,11],""receipt_id"":""896b9f524fe443b2bc7bbdd22fecbb9d"",""request_id"":""q1"",""request_stage"":1,""tool"":""F""}]","[""q1""]",[1],[2],"[[""F"",""change""]]",[3],"[[0,21,5,11]]",no_fusion_cav1,5,forecast,provider_full_forecast,provider_full_at_t,"{""name"":""fixed_ego_at_t"",""revision"":""11x100ms_v1""}",remote,14.197673509,711,2300,2413,4115,4371,3572,3828,False,context_budget,,,,"{""context_version"":{""name"":""fixed_ego_at_t"",""revision"":""11x100ms_v1""},""field_kind"":""anchor"",""g"":7007,""producer_version"":{""name"":""toolv2x_causal_tracker"",""revision"":""causal_windows_v1""},""provider"":""no_fusion_cav1"",""scene"":""testoutput_CAV_data_2022-03-21-09-50-20_10"",""track_handle"":5}","[{""context_version"":{""name"":""fixed_ego_at_t"",""revision"":""11x100ms_v1""},""field_kind"":""forecast"",""g"":7007,""producer_version"":{""name"":""CMP_MTR_full_seed20"",""revision"":""epoch09""},""provider"":""no_fusion_cav1"",""scene"":""testoutput_CAV_data_2022-03-21-09-50-20_10"",""track_handle"":5}]",[]
g7007_alternating,7007,alternating,2,2,q1,5,"[{""first_visible_plan_stage"":1,""mode"":""current"",""outer_request_id"":""q0"",""provider_rank"":2,""provider_ranking"":[0,5,11,21],""receipt_id"":""d7e6863477824903b588f1cf372899d0"",""request_id"":""q0"",""request_stage"":0,""tool"":""P""}]","[""q0""]",[0],[1],"[[""P"",""current""]]",[2],"[[0,5,11,21]]",no_fusion_cav1,5,forecast,receiver_subset_forecast,receiver_acquired_subset,"{""name"":""receiver_fixed_ego_at_t"",""revision"":""11x100ms_v1.subset.0.5.11.21""}",receiver_derived,14.197673509,726,2300,2413,4130,4386,3572,3828,False,context_budget,,,,"{""context_version"":{""name"":""fixed_ego_at_t"",""revision"":""11x100ms_v1""},""field_kind"":""anchor"",""g"":7007,""producer_version"":{""name"":""toolv2x_causal_tracker"",""revision"":""causal_windows_v1""},""provider"":""no_fusion_cav1"",""scene"":""testoutput_CAV_data_2022-03-21-09-50-20_10"",""track_handle"":5}","[{""context_version"":{""name"":""receiver_fixed_ego_at_t"",""revision"":""11x100ms_v1.subset.0.5.11.21""},""field_kind"":""forecast"",""g"":7007,""producer_version"":{""name"":""CMP_MTR_full_seed20"",""revision"":""epoch09""},""provider"":""no_fusion_cav1"",""scene"":""testoutput_CAV_data_2022-03-21-09-50-20_10"",""track_handle"":5}]","[{""context_version"":{""name"":""fixed_ego_at_t"",""revision"":""11x100ms_v1""},""field_kind"":""anchor"",""g"":7007,""producer_version"":{""name"":""toolv2x_causal_tracker"",""revision"":""causal_windows_v1""},""provider"":""no_fusion_cav1"",""scene"":""testoutput_CAV_data_2022-03-21-09-50-20_10"",""track_handle"":0},{""context_version"":{""name"":""fixed_ego_at_t"",""revision"":""11x100ms_v1""},""field_kind"":""history"",""g"":7007,""producer_version"":{""name"":""toolv2x_causal_tracker"",""revision"":""causal_windows_v1""},""provider"":""no_fusion_cav1"",""scene"":""testoutput_CAV_data_2022-03-21-09-50-20_10"",""track_handle"":0},{""context_version"":{""name"":""fixed_ego_at_t"",""revision"":""11x100ms_v1""},""field_kind"":""anchor"",""g"":7007,""producer_version"":{""name"":""toolv2x_causal_tracker"",""revision"":""causal_windows_v1""},""provider"":""no_fusion_cav1"",""scene"":""testoutput_CAV_data_2022-03-21-09-50-20_10"",""track_handle"":5},{""context_version"":{""name"":""fixed_ego_at_t"",""revision"":""11x100ms_v1""},""field_kind"":""history"",""g"":7007,""producer_version"":{""name"":""toolv2x_causal_tracker"",""revision"":""causal_windows_v1""},""provider"":""no_fusion_cav1"",""scene"":""testoutput_CAV_data_2022-03-21-09-50-20_10"",""track_handle"":5},{""context_version"":{""name"":""fixed_ego_at_t"",""revision"":""11x100ms_v1""},""field_kind"":""anchor"",""g"":7007,""producer_version"":{""name"":""toolv2x_causal_tracker"",""revision"":""causal_windows_v1""},""provider"":""no_fusion_cav1"",""scene"":""testoutput_CAV_data_2022-03-21-09-50-20_10"",""track_handle"":11},{""context_version"":{""name"":""fixed_ego_at_t"",""revision"":""11x100ms_v1""},""field_kind"":""history"",""g"":7007,""producer_version"":{""name"":""toolv2x_causal_tracker"",""revision"":""causal_windows_v1""},""provider"":""no_fusion_cav1"",""scene"":""testoutput_CAV_data_2022-03-21-09-50-20_10"",""track_handle"":11},{""context_version"":{""name"":""fixed_ego_at_t"",""revision"":""11x100ms_v1""},""field_kind"":""anchor"",""g"":7007,""producer_version"":{""name"":""toolv2x_causal_tracker"",""revision"":""causal_windows_v1""},""provider"":""no_fusion_cav1"",""scene"":""testoutput_CAV_data_2022-03-21-09-50-20_10"",""track_handle"":21},{""context_version"":{""name"":""fixed_ego_at_t"",""revision"":""11x100ms_v1""},""field_kind"":""history"",""g"":7007,""producer_version"":{""name"":""toolv2x_causal_tracker"",""revision"":""causal_windows_v1""},""provider"":""no_fusion_cav1"",""scene"":""testoutput_CAV_data_2022-03-21-09-50-20_10"",""track_handle"":21}]"
g7007_alternating,7007,alternating,2,2,q1,6,"[{""first_visible_plan_stage"":1,""mode"":""current"",""outer_request_id"":""q0"",""provider_rank"":2,""provider_ranking"":[0,5,11,21],""receipt_id"":""d7e6863477824903b588f1cf372899d0"",""request_id"":""q0"",""request_stage"":0,""tool"":""P""}]","[""q0""]",[0],[1],"[[""P"",""current""]]",[2],"[[0,5,11,21]]",no_fusion_cav1,5,history,history,,"{""name"":""fixed_ego_at_t"",""revision"":""11x100ms_v1""}",remote,14.197673509,799,2300,2413,4301,4557,3572,3828,False,context_budget,,,,"{""context_version"":{""name"":""fixed_ego_at_t"",""revision"":""11x100ms_v1""},""field_kind"":""anchor"",""g"":7007,""producer_version"":{""name"":""toolv2x_causal_tracker"",""revision"":""causal_windows_v1""},""provider"":""no_fusion_cav1"",""scene"":""testoutput_CAV_data_2022-03-21-09-50-20_10"",""track_handle"":5}","[{""context_version"":{""name"":""fixed_ego_at_t"",""revision"":""11x100ms_v1""},""field_kind"":""history"",""g"":7007,""producer_version"":{""name"":""toolv2x_causal_tracker"",""revision"":""causal_windows_v1""},""provider"":""no_fusion_cav1"",""scene"":""testoutput_CAV_data_2022-03-21-09-50-20_10"",""track_handle"":5}]",[]
g7007_alternating,7007,alternating,2,2,q1,7,"[{""first_visible_plan_stage"":2,""mode"":""change"",""outer_request_id"":""q1"",""provider_rank"":4,""provider_ranking"":[0,21,5,11],""receipt_id"":""896b9f524fe443b2bc7bbdd22fecbb9d"",""request_id"":""q1"",""request_stage"":1,""tool"":""F""}]","[""q1""]",[1],[2],"[[""F"",""change""]]",[4],"[[0,21,5,11]]",no_fusion_cav1,11,forecast,provider_full_forecast,provider_full_at_t,"{""name"":""fixed_ego_at_t"",""revision"":""11x100ms_v1""}",remote,16.774911113,723,2300,2413,4127,4383,3572,3828,False,context_budget,,,,"{""context_version"":{""name"":""fixed_ego_at_t"",""revision"":""11x100ms_v1""},""field_kind"":""anchor"",""g"":7007,""producer_version"":{""name"":""toolv2x_causal_tracker"",""revision"":""causal_windows_v1""},""provider"":""no_fusion_cav1"",""scene"":""testoutput_CAV_data_2022-03-21-09-50-20_10"",""track_handle"":11}","[{""context_version"":{""name"":""fixed_ego_at_t"",""revision"":""11x100ms_v1""},""field_kind"":""forecast"",""g"":7007,""producer_version"":{""name"":""CMP_MTR_full_seed20"",""revision"":""epoch09""},""provider"":""no_fusion_cav1"",""scene"":""testoutput_CAV_data_2022-03-21-09-50-20_10"",""track_handle"":11}]",[]
g7007_alternating,7007,alternating,2,2,q1,8,"[{""first_visible_plan_stage"":1,""mode"":""current"",""outer_request_id"":""q0"",""provider_rank"":3,""provider_ranking"":[0,5,11,21],""receipt_id"":""d7e6863477824903b588f1cf372899d0"",""request_id"":""q0"",""request_stage"":0,""tool"":""P""}]","[""q0""]",[0],[1],"[[""P"",""current""]]",[3],"[[0,5,11,21]]",no_fusion_cav1,11,forecast,receiver_subset_forecast,receiver_acquired_subset,"{""name"":""receiver_fixed_ego_at_t"",""revision"":""11x100ms_v1.subset.0.5.11.21""}",receiver_derived,16.774911113,732,2300,2413,4136,4392,3572,3828,False,context_budget,,,,"{""context_version"":{""name"":""fixed_ego_at_t"",""revision"":""11x100ms_v1""},""field_kind"":""anchor"",""g"":7007,""producer_version"":{""name"":""toolv2x_causal_tracker"",""revision"":""causal_windows_v1""},""provider"":""no_fusion_cav1"",""scene"":""testoutput_CAV_data_2022-03-21-09-50-20_10"",""track_handle"":11}","[{""context_version"":{""name"":""receiver_fixed_ego_at_t"",""revision"":""11x100ms_v1.subset.0.5.11.21""},""field_kind"":""forecast"",""g"":7007,""producer_version"":{""name"":""CMP_MTR_full_seed20"",""revision"":""epoch09""},""provider"":""no_fusion_cav1"",""scene"":""testoutput_CAV_data_2022-03-21-09-50-20_10"",""track_handle"":11}]","[{""context_version"":{""name"":""fixed_ego_at_t"",""revision"":""11x100ms_v1""},""field_kind"":""anchor"",""g"":7007,""producer_version"":{""name"":""toolv2x_causal_tracker"",""revision"":""causal_windows_v1""},""provider"":""no_fusion_cav1"",""scene"":""testoutput_CAV_data_2022-03-21-09-50-20_10"",""track_handle"":0},{""context_version"":{""name"":""fixed_ego_at_t"",""revision"":""11x100ms_v1""},""field_kind"":""history"",""g"":7007,""producer_version"":{""name"":""toolv2x_causal_tracker"",""revision"":""causal_windows_v1""},""provider"":""no_fusion_cav1"",""scene"":""testoutput_CAV_data_2022-03-21-09-50-20_10"",""track_handle"":0},{""context_version"":{""name"":""fixed_ego_at_t"",""revision"":""11x100ms_v1""},""field_kind"":""anchor"",""g"":7007,""producer_version"":{""name"":""toolv2x_causal_tracker"",""revision"":""causal_windows_v1""},""provider"":""no_fusion_cav1"",""scene"":""testoutput_CAV_data_2022-03-21-09-50-20_10"",""track_handle"":5},{""context_version"":{""name"":""fixed_ego_at_t"",""revision"":""11x100ms_v1""},""field_kind"":""history"",""g"":7007,""producer_version"":{""name"":""toolv2x_causal_tracker"",""revision"":""causal_windows_v1""},""provider"":""no_fusion_cav1"",""scene"":""testoutput_CAV_data_2022-03-21-09-50-20_10"",""track_handle"":5},{""context_version"":{""name"":""fixed_ego_at_t"",""revision"":""11x100ms_v1""},""field_kind"":""anchor"",""g"":7007,""producer_version"":{""name"":""toolv2x_causal_tracker"",""revision"":""causal_windows_v1""},""provider"":""no_fusion_cav1"",""scene"":""testoutput_CAV_data_2022-03-21-09-50-20_10"",""track_handle"":11},{""context_version"":{""name"":""fixed_ego_at_t"",""revision"":""11x100ms_v1""},""field_kind"":""history"",""g"":7007,""producer_version"":{""name"":""toolv2x_causal_tracker"",""revision"":""causal_windows_v1""},""provider"":""no_fusion_cav1"",""scene"":""testoutput_CAV_data_2022-03-21-09-50-20_10"",""track_handle"":11},{""context_version"":{""name"":""fixed_ego_at_t"",""revision"":""11x100ms_v1""},""field_kind"":""anchor"",""g"":7007,""producer_version"":{""name"":""toolv2x_causal_tracker"",""revision"":""causal_windows_v1""},""provider"":""no_fusion_cav1"",""scene"":""testoutput_CAV_data_2022-03-21-09-50-20_10"",""track_handle"":21},{""context_version"":{""name"":""fixed_ego_at_t"",""revision"":""11x100ms_v1""},""field_kind"":""history"",""g"":7007,""producer_version"":{""name"":""toolv2x_causal_tracker"",""revision"":""causal_windows_v1""},""provider"":""no_fusion_cav1"",""scene"":""testoutput_CAV_data_2022-03-21-09-50-20_10"",""track_handle"":21}]"
g7007_alternating,7007,alternating,2,2,q1,9,"[{""first_visible_plan_stage"":1,""mode"":""current"",""outer_request_id"":""q0"",""provider_rank"":3,""provider_ranking"":[0,5,11,21],""receipt_id"":""d7e6863477824903b588f1cf372899d0"",""request_id"":""q0"",""request_stage"":0,""tool"":""P""}]","[""q0""]",[0],[1],"[[""P"",""current""]]",[3],"[[0,5,11,21]]",no_fusion_cav1,11,history,history,,"{""name"":""fixed_ego_at_t"",""revision"":""11x100ms_v1""}",remote,16.774911113,805,2300,2413,4307,4563,3572,3828,False,context_budget,,,,"{""context_version"":{""name"":""fixed_ego_at_t"",""revision"":""11x100ms_v1""},""field_kind"":""anchor"",""g"":7007,""producer_version"":{""name"":""toolv2x_causal_tracker"",""revision"":""causal_windows_v1""},""provider"":""no_fusion_cav1"",""scene"":""testoutput_CAV_data_2022-03-21-09-50-20_10"",""track_handle"":11}","[{""context_version"":{""name"":""fixed_ego_at_t"",""revision"":""11x100ms_v1""},""field_kind"":""history"",""g"":7007,""producer_version"":{""name"":""toolv2x_causal_tracker"",""revision"":""causal_windows_v1""},""provider"":""no_fusion_cav1"",""scene"":""testoutput_CAV_data_2022-03-21-09-50-20_10"",""track_handle"":11}]",[]
g7007_alternating,7007,alternating,2,2,q1,10,"[{""first_visible_plan_stage"":2,""mode"":""change"",""outer_request_id"":""q1"",""provider_rank"":2,""provider_ranking"":[0,21,5,11],""receipt_id"":""896b9f524fe443b2bc7bbdd22fecbb9d"",""request_id"":""q1"",""request_stage"":1,""tool"":""F""}]","[""q1""]",[1],[2],"[[""F"",""change""]]",[2],"[[0,21,5,11]]",no_fusion_cav1,21,forecast,provider_full_forecast,provider_full_at_t,"{""name"":""fixed_ego_at_t"",""revision"":""11x100ms_v1""}",remote,48.953029820,726,2300,2413,4129,4385,3572,3828,False,context_budget,,,,"{""context_version"":{""name"":""fixed_ego_at_t"",""revision"":""11x100ms_v1""},""field_kind"":""anchor"",""g"":7007,""producer_version"":{""name"":""toolv2x_causal_tracker"",""revision"":""causal_windows_v1""},""provider"":""no_fusion_cav1"",""scene"":""testoutput_CAV_data_2022-03-21-09-50-20_10"",""track_handle"":21}","[{""context_version"":{""name"":""fixed_ego_at_t"",""revision"":""11x100ms_v1""},""field_kind"":""forecast"",""g"":7007,""producer_version"":{""name"":""CMP_MTR_full_seed20"",""revision"":""epoch09""},""provider"":""no_fusion_cav1"",""scene"":""testoutput_CAV_data_2022-03-21-09-50-20_10"",""track_handle"":21}]",[]
g7007_alternating,7007,alternating,2,2,q1,11,"[{""first_visible_plan_stage"":1,""mode"":""current"",""outer_request_id"":""q0"",""provider_rank"":4,""provider_ranking"":[0,5,11,21],""receipt_id"":""d7e6863477824903b588f1cf372899d0"",""request_id"":""q0"",""request_stage"":0,""tool"":""P""}]","[""q0""]",[0],[1],"[[""P"",""current""]]",[4],"[[0,5,11,21]]",no_fusion_cav1,21,forecast,receiver_subset_forecast,receiver_acquired_subset,"{""name"":""receiver_fixed_ego_at_t"",""revision"":""11x100ms_v1.subset.0.5.11.21""}",receiver_derived,48.953029820,746,2300,2413,4149,4405,3572,3828,False,context_budget,,,,"{""context_version"":{""name"":""fixed_ego_at_t"",""revision"":""11x100ms_v1""},""field_kind"":""anchor"",""g"":7007,""producer_version"":{""name"":""toolv2x_causal_tracker"",""revision"":""causal_windows_v1""},""provider"":""no_fusion_cav1"",""scene"":""testoutput_CAV_data_2022-03-21-09-50-20_10"",""track_handle"":21}","[{""context_version"":{""name"":""receiver_fixed_ego_at_t"",""revision"":""11x100ms_v1.subset.0.5.11.21""},""field_kind"":""forecast"",""g"":7007,""producer_version"":{""name"":""CMP_MTR_full_seed20"",""revision"":""epoch09""},""provider"":""no_fusion_cav1"",""scene"":""testoutput_CAV_data_2022-03-21-09-50-20_10"",""track_handle"":21}]","[{""context_version"":{""name"":""fixed_ego_at_t"",""revision"":""11x100ms_v1""},""field_kind"":""anchor"",""g"":7007,""producer_version"":{""name"":""toolv2x_causal_tracker"",""revision"":""causal_windows_v1""},""provider"":""no_fusion_cav1"",""scene"":""testoutput_CAV_data_2022-03-21-09-50-20_10"",""track_handle"":0},{""context_version"":{""name"":""fixed_ego_at_t"",""revision"":""11x100ms_v1""},""field_kind"":""history"",""g"":7007,""producer_version"":{""name"":""toolv2x_causal_tracker"",""revision"":""causal_windows_v1""},""provider"":""no_fusion_cav1"",""scene"":""testoutput_CAV_data_2022-03-21-09-50-20_10"",""track_handle"":0},{""context_version"":{""name"":""fixed_ego_at_t"",""revision"":""11x100ms_v1""},""field_kind"":""anchor"",""g"":7007,""producer_version"":{""name"":""toolv2x_causal_tracker"",""revision"":""causal_windows_v1""},""provider"":""no_fusion_cav1"",""scene"":""testoutput_CAV_data_2022-03-21-09-50-20_10"",""track_handle"":5},{""context_version"":{""name"":""fixed_ego_at_t"",""revision"":""11x100ms_v1""},""field_kind"":""history"",""g"":7007,""producer_version"":{""name"":""toolv2x_causal_tracker"",""revision"":""causal_windows_v1""},""provider"":""no_fusion_cav1"",""scene"":""testoutput_CAV_data_2022-03-21-09-50-20_10"",""track_handle"":5},{""context_version"":{""name"":""fixed_ego_at_t"",""revision"":""11x100ms_v1""},""field_kind"":""anchor"",""g"":7007,""producer_version"":{""name"":""toolv2x_causal_tracker"",""revision"":""causal_windows_v1""},""provider"":""no_fusion_cav1"",""scene"":""testoutput_CAV_data_2022-03-21-09-50-20_10"",""track_handle"":11},{""context_version"":{""name"":""fixed_ego_at_t"",""revision"":""11x100ms_v1""},""field_kind"":""history"",""g"":7007,""producer_version"":{""name"":""toolv2x_causal_tracker"",""revision"":""causal_windows_v1""},""provider"":""no_fusion_cav1"",""scene"":""testoutput_CAV_data_2022-03-21-09-50-20_10"",""track_handle"":11},{""context_version"":{""name"":""fixed_ego_at_t"",""revision"":""11x100ms_v1""},""field_kind"":""anchor"",""g"":7007,""producer_version"":{""name"":""toolv2x_causal_tracker"",""revision"":""causal_windows_v1""},""provider"":""no_fusion_cav1"",""scene"":""testoutput_CAV_data_2022-03-21-09-50-20_10"",""track_handle"":21},{""context_version"":{""name"":""fixed_ego_at_t"",""revision"":""11x100ms_v1""},""field_kind"":""history"",""g"":7007,""producer_version"":{""name"":""toolv2x_causal_tracker"",""revision"":""causal_windows_v1""},""provider"":""no_fusion_cav1"",""scene"":""testoutput_CAV_data_2022-03-21-09-50-20_10"",""track_handle"":21}]"
g7007_alternating,7007,alternating,2,2,q1,12,"[{""first_visible_plan_stage"":1,""mode"":""current"",""outer_request_id"":""q0"",""provider_rank"":4,""provider_ranking"":[0,5,11,21],""receipt_id"":""d7e6863477824903b588f1cf372899d0"",""request_id"":""q0"",""request_stage"":0,""tool"":""P""}]","[""q0""]",[0],[1],"[[""P"",""current""]]",[4],"[[0,5,11,21]]",no_fusion_cav1,21,history,history,,"{""name"":""fixed_ego_at_t"",""revision"":""11x100ms_v1""}",remote,48.953029820,791,2300,2413,4292,4548,3572,3828,False,context_budget,,,,"{""context_version"":{""name"":""fixed_ego_at_t"",""revision"":""11x100ms_v1""},""field_kind"":""anchor"",""g"":7007,""producer_version"":{""name"":""toolv2x_causal_tracker"",""revision"":""causal_windows_v1""},""provider"":""no_fusion_cav1"",""scene"":""testoutput_CAV_data_2022-03-21-09-50-20_10"",""track_handle"":21}","[{""context_version"":{""name"":""fixed_ego_at_t"",""revision"":""11x100ms_v1""},""field_kind"":""history"",""g"":7007,""producer_version"":{""name"":""toolv2x_causal_tracker"",""revision"":""causal_windows_v1""},""provider"":""no_fusion_cav1"",""scene"":""testoutput_CAV_data_2022-03-21-09-50-20_10"",""track_handle"":21}]",[]
g7007_one_shot,7007,one_shot,1,1,bundle0,1,"[{""first_visible_plan_stage"":1,""mode"":""current"",""outer_request_id"":""bundle0"",""provider_rank"":1,""provider_ranking"":[0,5,2,21],""receipt_id"":""96018637170f49a78fc966170e6bf43e"",""request_id"":""bundle0:second"",""request_stage"":0,""tool"":""F""}]","[""bundle0""]",[0],[1],"[[""F"",""current""]]",[1],"[[0,5,2,21]]",no_fusion_cav1,0,forecast,provider_full_forecast,provider_full_at_t,"{""name"":""fixed_ego_at_t"",""revision"":""11x100ms_v1""}",remote,0.163537702,717,2300,2413,3017,3273,3017,3273,True,admitted,remote,0,"{""box"":{""area"":""object_rows"",""column"":0,""row"":0},""field_metadata"":{""area"":""object_rows"",""column"":1,""row"":0},""forecast"":{""area"":""object_rows"",""column"":2,""row"":0},""forecast_scores"":{""area"":""object_rows"",""column"":3,""row"":0},""forecast_times"":{""area"":""object_shared""},""model_used"":{""area"":""object_shared""},""score"":{""area"":""object_shared""},""source"":{""area"":""object_rows"",""column"":4,""row"":0},""track_id"":{""area"":""object_rows"",""column"":5,""row"":0}}","{""context_version"":{""name"":""fixed_ego_at_t"",""revision"":""11x100ms_v1""},""field_kind"":""anchor"",""g"":7007,""producer_version"":{""name"":""toolv2x_causal_tracker"",""revision"":""causal_windows_v1""},""provider"":""no_fusion_cav1"",""scene"":""testoutput_CAV_data_2022-03-21-09-50-20_10"",""track_handle"":0}","[{""context_version"":{""name"":""fixed_ego_at_t"",""revision"":""11x100ms_v1""},""field_kind"":""forecast"",""g"":7007,""producer_version"":{""name"":""CMP_MTR_full_seed20"",""revision"":""epoch09""},""provider"":""no_fusion_cav1"",""scene"":""testoutput_CAV_data_2022-03-21-09-50-20_10"",""track_handle"":0}]",[]
g7007_one_shot,7007,one_shot,1,1,bundle0,2,"[{""first_visible_plan_stage"":1,""mode"":""current"",""outer_request_id"":""bundle0"",""provider_rank"":1,""provider_ranking"":[0,5,11,21],""receipt_id"":""2471a8f4739b43b697fb85b5f9b6b8de"",""request_id"":""q0"",""request_stage"":0,""tool"":""P""}]","[""bundle0""]",[0],[1],"[[""P"",""current""]]",[1],"[[0,5,11,21]]",no_fusion_cav1,0,forecast,receiver_subset_forecast,receiver_acquired_subset,"{""name"":""receiver_fixed_ego_at_t"",""revision"":""11x100ms_v1.subset.0.5.11.21""}",receiver_derived,0.163537702,733,2300,2413,3572,3828,3572,3828,True,admitted,remote,1,"{""box"":{""area"":""object_rows"",""column"":0,""row"":1},""field_metadata"":{""area"":""object_rows"",""column"":1,""row"":1},""forecast"":{""area"":""object_rows"",""column"":2,""row"":1},""forecast_scores"":{""area"":""object_rows"",""column"":3,""row"":1},""forecast_times"":{""area"":""object_shared""},""model_used"":{""area"":""object_shared""},""score"":{""area"":""object_shared""},""source"":{""area"":""object_rows"",""column"":4,""row"":1},""track_id"":{""area"":""object_rows"",""column"":5,""row"":1}}","{""context_version"":{""name"":""fixed_ego_at_t"",""revision"":""11x100ms_v1""},""field_kind"":""anchor"",""g"":7007,""producer_version"":{""name"":""toolv2x_causal_tracker"",""revision"":""causal_windows_v1""},""provider"":""no_fusion_cav1"",""scene"":""testoutput_CAV_data_2022-03-21-09-50-20_10"",""track_handle"":0}","[{""context_version"":{""name"":""receiver_fixed_ego_at_t"",""revision"":""11x100ms_v1.subset.0.5.11.21""},""field_kind"":""forecast"",""g"":7007,""producer_version"":{""name"":""CMP_MTR_full_seed20"",""revision"":""epoch09""},""provider"":""no_fusion_cav1"",""scene"":""testoutput_CAV_data_2022-03-21-09-50-20_10"",""track_handle"":0}]","[{""context_version"":{""name"":""fixed_ego_at_t"",""revision"":""11x100ms_v1""},""field_kind"":""anchor"",""g"":7007,""producer_version"":{""name"":""toolv2x_causal_tracker"",""revision"":""causal_windows_v1""},""provider"":""no_fusion_cav1"",""scene"":""testoutput_CAV_data_2022-03-21-09-50-20_10"",""track_handle"":0},{""context_version"":{""name"":""fixed_ego_at_t"",""revision"":""11x100ms_v1""},""field_kind"":""history"",""g"":7007,""producer_version"":{""name"":""toolv2x_causal_tracker"",""revision"":""causal_windows_v1""},""provider"":""no_fusion_cav1"",""scene"":""testoutput_CAV_data_2022-03-21-09-50-20_10"",""track_handle"":0},{""context_version"":{""name"":""fixed_ego_at_t"",""revision"":""11x100ms_v1""},""field_kind"":""anchor"",""g"":7007,""producer_version"":{""name"":""toolv2x_causal_tracker"",""revision"":""causal_windows_v1""},""provider"":""no_fusion_cav1"",""scene"":""testoutput_CAV_data_2022-03-21-09-50-20_10"",""track_handle"":5},{""context_version"":{""name"":""fixed_ego_at_t"",""revision"":""11x100ms_v1""},""field_kind"":""history"",""g"":7007,""producer_version"":{""name"":""toolv2x_causal_tracker"",""revision"":""causal_windows_v1""},""provider"":""no_fusion_cav1"",""scene"":""testoutput_CAV_data_2022-03-21-09-50-20_10"",""track_handle"":5},{""context_version"":{""name"":""fixed_ego_at_t"",""revision"":""11x100ms_v1""},""field_kind"":""anchor"",""g"":7007,""producer_version"":{""name"":""toolv2x_causal_tracker"",""revision"":""causal_windows_v1""},""provider"":""no_fusion_cav1"",""scene"":""testoutput_CAV_data_2022-03-21-09-50-20_10"",""track_handle"":11},{""context_version"":{""name"":""fixed_ego_at_t"",""revision"":""11x100ms_v1""},""field_kind"":""history"",""g"":7007,""producer_version"":{""name"":""toolv2x_causal_tracker"",""revision"":""causal_windows_v1""},""provider"":""no_fusion_cav1"",""scene"":""testoutput_CAV_data_2022-03-21-09-50-20_10"",""track_handle"":11},{""context_version"":{""name"":""fixed_ego_at_t"",""revision"":""11x100ms_v1""},""field_kind"":""anchor"",""g"":7007,""producer_version"":{""name"":""toolv2x_causal_tracker"",""revision"":""causal_windows_v1""},""provider"":""no_fusion_cav1"",""scene"":""testoutput_CAV_data_2022-03-21-09-50-20_10"",""track_handle"":21},{""context_version"":{""name"":""fixed_ego_at_t"",""revision"":""11x100ms_v1""},""field_kind"":""history"",""g"":7007,""producer_version"":{""name"":""toolv2x_causal_tracker"",""revision"":""causal_windows_v1""},""provider"":""no_fusion_cav1"",""scene"":""testoutput_CAV_data_2022-03-21-09-50-20_10"",""track_handle"":21}]"
g7007_one_shot,7007,one_shot,1,1,bundle0,3,"[{""first_visible_plan_stage"":1,""mode"":""current"",""outer_request_id"":""bundle0"",""provider_rank"":1,""provider_ranking"":[0,5,11,21],""receipt_id"":""2471a8f4739b43b697fb85b5f9b6b8de"",""request_id"":""q0"",""request_stage"":0,""tool"":""P""}]","[""bundle0""]",[0],[1],"[[""P"",""current""]]",[1],"[[0,5,11,21]]",no_fusion_cav1,0,history,history,,"{""name"":""fixed_ego_at_t"",""revision"":""11x100ms_v1""}",remote,0.163537702,789,2300,2413,4191,4447,3572,3828,False,context_budget,,,,"{""context_version"":{""name"":""fixed_ego_at_t"",""revision"":""11x100ms_v1""},""field_kind"":""anchor"",""g"":7007,""producer_version"":{""name"":""toolv2x_causal_tracker"",""revision"":""causal_windows_v1""},""provider"":""no_fusion_cav1"",""scene"":""testoutput_CAV_data_2022-03-21-09-50-20_10"",""track_handle"":0}","[{""context_version"":{""name"":""fixed_ego_at_t"",""revision"":""11x100ms_v1""},""field_kind"":""history"",""g"":7007,""producer_version"":{""name"":""toolv2x_causal_tracker"",""revision"":""causal_windows_v1""},""provider"":""no_fusion_cav1"",""scene"":""testoutput_CAV_data_2022-03-21-09-50-20_10"",""track_handle"":0}]",[]
g7007_one_shot,7007,one_shot,1,1,bundle0,4,"[{""first_visible_plan_stage"":1,""mode"":""current"",""outer_request_id"":""bundle0"",""provider_rank"":2,""provider_ranking"":[0,5,2,21],""receipt_id"":""96018637170f49a78fc966170e6bf43e"",""request_id"":""bundle0:second"",""request_stage"":0,""tool"":""F""}]","[""bundle0""]",[0],[1],"[[""F"",""current""]]",[2],"[[0,5,2,21]]",no_fusion_cav1,5,forecast,provider_full_forecast,provider_full_at_t,"{""name"":""fixed_ego_at_t"",""revision"":""11x100ms_v1""}",remote,14.197673509,711,2300,2413,4115,4371,3572,3828,False,context_budget,,,,"{""context_version"":{""name"":""fixed_ego_at_t"",""revision"":""11x100ms_v1""},""field_kind"":""anchor"",""g"":7007,""producer_version"":{""name"":""toolv2x_causal_tracker"",""revision"":""causal_windows_v1""},""provider"":""no_fusion_cav1"",""scene"":""testoutput_CAV_data_2022-03-21-09-50-20_10"",""track_handle"":5}","[{""context_version"":{""name"":""fixed_ego_at_t"",""revision"":""11x100ms_v1""},""field_kind"":""forecast"",""g"":7007,""producer_version"":{""name"":""CMP_MTR_full_seed20"",""revision"":""epoch09""},""provider"":""no_fusion_cav1"",""scene"":""testoutput_CAV_data_2022-03-21-09-50-20_10"",""track_handle"":5}]",[]
g7007_one_shot,7007,one_shot,1,1,bundle0,5,"[{""first_visible_plan_stage"":1,""mode"":""current"",""outer_request_id"":""bundle0"",""provider_rank"":2,""provider_ranking"":[0,5,11,21],""receipt_id"":""2471a8f4739b43b697fb85b5f9b6b8de"",""request_id"":""q0"",""request_stage"":0,""tool"":""P""}]","[""bundle0""]",[0],[1],"[[""P"",""current""]]",[2],"[[0,5,11,21]]",no_fusion_cav1,5,forecast,receiver_subset_forecast,receiver_acquired_subset,"{""name"":""receiver_fixed_ego_at_t"",""revision"":""11x100ms_v1.subset.0.5.11.21""}",receiver_derived,14.197673509,726,2300,2413,4130,4386,3572,3828,False,context_budget,,,,"{""context_version"":{""name"":""fixed_ego_at_t"",""revision"":""11x100ms_v1""},""field_kind"":""anchor"",""g"":7007,""producer_version"":{""name"":""toolv2x_causal_tracker"",""revision"":""causal_windows_v1""},""provider"":""no_fusion_cav1"",""scene"":""testoutput_CAV_data_2022-03-21-09-50-20_10"",""track_handle"":5}","[{""context_version"":{""name"":""receiver_fixed_ego_at_t"",""revision"":""11x100ms_v1.subset.0.5.11.21""},""field_kind"":""forecast"",""g"":7007,""producer_version"":{""name"":""CMP_MTR_full_seed20"",""revision"":""epoch09""},""provider"":""no_fusion_cav1"",""scene"":""testoutput_CAV_data_2022-03-21-09-50-20_10"",""track_handle"":5}]","[{""context_version"":{""name"":""fixed_ego_at_t"",""revision"":""11x100ms_v1""},""field_kind"":""anchor"",""g"":7007,""producer_version"":{""name"":""toolv2x_causal_tracker"",""revision"":""causal_windows_v1""},""provider"":""no_fusion_cav1"",""scene"":""testoutput_CAV_data_2022-03-21-09-50-20_10"",""track_handle"":0},{""context_version"":{""name"":""fixed_ego_at_t"",""revision"":""11x100ms_v1""},""field_kind"":""history"",""g"":7007,""producer_version"":{""name"":""toolv2x_causal_tracker"",""revision"":""causal_windows_v1""},""provider"":""no_fusion_cav1"",""scene"":""testoutput_CAV_data_2022-03-21-09-50-20_10"",""track_handle"":0},{""context_version"":{""name"":""fixed_ego_at_t"",""revision"":""11x100ms_v1""},""field_kind"":""anchor"",""g"":7007,""producer_version"":{""name"":""toolv2x_causal_tracker"",""revision"":""causal_windows_v1""},""provider"":""no_fusion_cav1"",""scene"":""testoutput_CAV_data_2022-03-21-09-50-20_10"",""track_handle"":5},{""context_version"":{""name"":""fixed_ego_at_t"",""revision"":""11x100ms_v1""},""field_kind"":""history"",""g"":7007,""producer_version"":{""name"":""toolv2x_causal_tracker"",""revision"":""causal_windows_v1""},""provider"":""no_fusion_cav1"",""scene"":""testoutput_CAV_data_2022-03-21-09-50-20_10"",""track_handle"":5},{""context_version"":{""name"":""fixed_ego_at_t"",""revision"":""11x100ms_v1""},""field_kind"":""anchor"",""g"":7007,""producer_version"":{""name"":""toolv2x_causal_tracker"",""revision"":""causal_windows_v1""},""provider"":""no_fusion_cav1"",""scene"":""testoutput_CAV_data_2022-03-21-09-50-20_10"",""track_handle"":11},{""context_version"":{""name"":""fixed_ego_at_t"",""revision"":""11x100ms_v1""},""field_kind"":""history"",""g"":7007,""producer_version"":{""name"":""toolv2x_causal_tracker"",""revision"":""causal_windows_v1""},""provider"":""no_fusion_cav1"",""scene"":""testoutput_CAV_data_2022-03-21-09-50-20_10"",""track_handle"":11},{""context_version"":{""name"":""fixed_ego_at_t"",""revision"":""11x100ms_v1""},""field_kind"":""anchor"",""g"":7007,""producer_version"":{""name"":""toolv2x_causal_tracker"",""revision"":""causal_windows_v1""},""provider"":""no_fusion_cav1"",""scene"":""testoutput_CAV_data_2022-03-21-09-50-20_10"",""track_handle"":21},{""context_version"":{""name"":""fixed_ego_at_t"",""revision"":""11x100ms_v1""},""field_kind"":""history"",""g"":7007,""producer_version"":{""name"":""toolv2x_causal_tracker"",""revision"":""causal_windows_v1""},""provider"":""no_fusion_cav1"",""scene"":""testoutput_CAV_data_2022-03-21-09-50-20_10"",""track_handle"":21}]"
g7007_one_shot,7007,one_shot,1,1,bundle0,6,"[{""first_visible_plan_stage"":1,""mode"":""current"",""outer_request_id"":""bundle0"",""provider_rank"":2,""provider_ranking"":[0,5,11,21],""receipt_id"":""2471a8f4739b43b697fb85b5f9b6b8de"",""request_id"":""q0"",""request_stage"":0,""tool"":""P""}]","[""bundle0""]",[0],[1],"[[""P"",""current""]]",[2],"[[0,5,11,21]]",no_fusion_cav1,5,history,history,,"{""name"":""fixed_ego_at_t"",""revision"":""11x100ms_v1""}",remote,14.197673509,799,2300,2413,4301,4557,3572,3828,False,context_budget,,,,"{""context_version"":{""name"":""fixed_ego_at_t"",""revision"":""11x100ms_v1""},""field_kind"":""anchor"",""g"":7007,""producer_version"":{""name"":""toolv2x_causal_tracker"",""revision"":""causal_windows_v1""},""provider"":""no_fusion_cav1"",""scene"":""testoutput_CAV_data_2022-03-21-09-50-20_10"",""track_handle"":5}","[{""context_version"":{""name"":""fixed_ego_at_t"",""revision"":""11x100ms_v1""},""field_kind"":""history"",""g"":7007,""producer_version"":{""name"":""toolv2x_causal_tracker"",""revision"":""causal_windows_v1""},""provider"":""no_fusion_cav1"",""scene"":""testoutput_CAV_data_2022-03-21-09-50-20_10"",""track_handle"":5}]",[]
g7007_one_shot,7007,one_shot,1,1,bundle0,7,"[{""first_visible_plan_stage"":1,""mode"":""current"",""outer_request_id"":""bundle0"",""provider_rank"":3,""provider_ranking"":[0,5,2,21],""receipt_id"":""96018637170f49a78fc966170e6bf43e"",""request_id"":""bundle0:second"",""request_stage"":0,""tool"":""F""}]","[""bundle0""]",[0],[1],"[[""F"",""current""]]",[3],"[[0,5,2,21]]",no_fusion_cav1,2,forecast,provider_full_forecast,provider_full_at_t,"{""name"":""fixed_ego_at_t"",""revision"":""11x100ms_v1""}",remote,15.951905683,727,2300,2413,4130,4386,3572,3828,False,context_budget,,,,"{""context_version"":{""name"":""fixed_ego_at_t"",""revision"":""11x100ms_v1""},""field_kind"":""anchor"",""g"":7007,""producer_version"":{""name"":""toolv2x_causal_tracker"",""revision"":""causal_windows_v1""},""provider"":""no_fusion_cav1"",""scene"":""testoutput_CAV_data_2022-03-21-09-50-20_10"",""track_handle"":2}","[{""context_version"":{""name"":""fixed_ego_at_t"",""revision"":""11x100ms_v1""},""field_kind"":""forecast"",""g"":7007,""producer_version"":{""name"":""CMP_MTR_full_seed20"",""revision"":""epoch09""},""provider"":""no_fusion_cav1"",""scene"":""testoutput_CAV_data_2022-03-21-09-50-20_10"",""track_handle"":2}]",[]
g7007_one_shot,7007,one_shot,1,1,bundle0,8,"[{""first_visible_plan_stage"":1,""mode"":""current"",""outer_request_id"":""bundle0"",""provider_rank"":3,""provider_ranking"":[0,5,11,21],""receipt_id"":""2471a8f4739b43b697fb85b5f9b6b8de"",""request_id"":""q0"",""request_stage"":0,""tool"":""P""}]","[""bundle0""]",[0],[1],"[[""P"",""current""]]",[3],"[[0,5,11,21]]",no_fusion_cav1,11,forecast,receiver_subset_forecast,receiver_acquired_subset,"{""name"":""receiver_fixed_ego_at_t"",""revision"":""11x100ms_v1.subset.0.5.11.21""}",receiver_derived,16.774911113,732,2300,2413,4136,4392,3572,3828,False,context_budget,,,,"{""context_version"":{""name"":""fixed_ego_at_t"",""revision"":""11x100ms_v1""},""field_kind"":""anchor"",""g"":7007,""producer_version"":{""name"":""toolv2x_causal_tracker"",""revision"":""causal_windows_v1""},""provider"":""no_fusion_cav1"",""scene"":""testoutput_CAV_data_2022-03-21-09-50-20_10"",""track_handle"":11}","[{""context_version"":{""name"":""receiver_fixed_ego_at_t"",""revision"":""11x100ms_v1.subset.0.5.11.21""},""field_kind"":""forecast"",""g"":7007,""producer_version"":{""name"":""CMP_MTR_full_seed20"",""revision"":""epoch09""},""provider"":""no_fusion_cav1"",""scene"":""testoutput_CAV_data_2022-03-21-09-50-20_10"",""track_handle"":11}]","[{""context_version"":{""name"":""fixed_ego_at_t"",""revision"":""11x100ms_v1""},""field_kind"":""anchor"",""g"":7007,""producer_version"":{""name"":""toolv2x_causal_tracker"",""revision"":""causal_windows_v1""},""provider"":""no_fusion_cav1"",""scene"":""testoutput_CAV_data_2022-03-21-09-50-20_10"",""track_handle"":0},{""context_version"":{""name"":""fixed_ego_at_t"",""revision"":""11x100ms_v1""},""field_kind"":""history"",""g"":7007,""producer_version"":{""name"":""toolv2x_causal_tracker"",""revision"":""causal_windows_v1""},""provider"":""no_fusion_cav1"",""scene"":""testoutput_CAV_data_2022-03-21-09-50-20_10"",""track_handle"":0},{""context_version"":{""name"":""fixed_ego_at_t"",""revision"":""11x100ms_v1""},""field_kind"":""anchor"",""g"":7007,""producer_version"":{""name"":""toolv2x_causal_tracker"",""revision"":""causal_windows_v1""},""provider"":""no_fusion_cav1"",""scene"":""testoutput_CAV_data_2022-03-21-09-50-20_10"",""track_handle"":5},{""context_version"":{""name"":""fixed_ego_at_t"",""revision"":""11x100ms_v1""},""field_kind"":""history"",""g"":7007,""producer_version"":{""name"":""toolv2x_causal_tracker"",""revision"":""causal_windows_v1""},""provider"":""no_fusion_cav1"",""scene"":""testoutput_CAV_data_2022-03-21-09-50-20_10"",""track_handle"":5},{""context_version"":{""name"":""fixed_ego_at_t"",""revision"":""11x100ms_v1""},""field_kind"":""anchor"",""g"":7007,""producer_version"":{""name"":""toolv2x_causal_tracker"",""revision"":""causal_windows_v1""},""provider"":""no_fusion_cav1"",""scene"":""testoutput_CAV_data_2022-03-21-09-50-20_10"",""track_handle"":11},{""context_version"":{""name"":""fixed_ego_at_t"",""revision"":""11x100ms_v1""},""field_kind"":""history"",""g"":7007,""producer_version"":{""name"":""toolv2x_causal_tracker"",""revision"":""causal_windows_v1""},""provider"":""no_fusion_cav1"",""scene"":""testoutput_CAV_data_2022-03-21-09-50-20_10"",""track_handle"":11},{""context_version"":{""name"":""fixed_ego_at_t"",""revision"":""11x100ms_v1""},""field_kind"":""anchor"",""g"":7007,""producer_version"":{""name"":""toolv2x_causal_tracker"",""revision"":""causal_windows_v1""},""provider"":""no_fusion_cav1"",""scene"":""testoutput_CAV_data_2022-03-21-09-50-20_10"",""track_handle"":21},{""context_version"":{""name"":""fixed_ego_at_t"",""revision"":""11x100ms_v1""},""field_kind"":""history"",""g"":7007,""producer_version"":{""name"":""toolv2x_causal_tracker"",""revision"":""causal_windows_v1""},""provider"":""no_fusion_cav1"",""scene"":""testoutput_CAV_data_2022-03-21-09-50-20_10"",""track_handle"":21}]"
g7007_one_shot,7007,one_shot,1,1,bundle0,9,"[{""first_visible_plan_stage"":1,""mode"":""current"",""outer_request_id"":""bundle0"",""provider_rank"":3,""provider_ranking"":[0,5,11,21],""receipt_id"":""2471a8f4739b43b697fb85b5f9b6b8de"",""request_id"":""q0"",""request_stage"":0,""tool"":""P""}]","[""bundle0""]",[0],[1],"[[""P"",""current""]]",[3],"[[0,5,11,21]]",no_fusion_cav1,11,history,history,,"{""name"":""fixed_ego_at_t"",""revision"":""11x100ms_v1""}",remote,16.774911113,805,2300,2413,4307,4563,3572,3828,False,context_budget,,,,"{""context_version"":{""name"":""fixed_ego_at_t"",""revision"":""11x100ms_v1""},""field_kind"":""anchor"",""g"":7007,""producer_version"":{""name"":""toolv2x_causal_tracker"",""revision"":""causal_windows_v1""},""provider"":""no_fusion_cav1"",""scene"":""testoutput_CAV_data_2022-03-21-09-50-20_10"",""track_handle"":11}","[{""context_version"":{""name"":""fixed_ego_at_t"",""revision"":""11x100ms_v1""},""field_kind"":""history"",""g"":7007,""producer_version"":{""name"":""toolv2x_causal_tracker"",""revision"":""causal_windows_v1""},""provider"":""no_fusion_cav1"",""scene"":""testoutput_CAV_data_2022-03-21-09-50-20_10"",""track_handle"":11}]",[]
g7007_one_shot,7007,one_shot,1,1,bundle0,10,"[{""first_visible_plan_stage"":1,""mode"":""current"",""outer_request_id"":""bundle0"",""provider_rank"":4,""provider_ranking"":[0,5,2,21],""receipt_id"":""96018637170f49a78fc966170e6bf43e"",""request_id"":""bundle0:second"",""request_stage"":0,""tool"":""F""}]","[""bundle0""]",[0],[1],"[[""F"",""current""]]",[4],"[[0,5,2,21]]",no_fusion_cav1,21,forecast,provider_full_forecast,provider_full_at_t,"{""name"":""fixed_ego_at_t"",""revision"":""11x100ms_v1""}",remote,48.953029820,726,2300,2413,4129,4385,3572,3828,False,context_budget,,,,"{""context_version"":{""name"":""fixed_ego_at_t"",""revision"":""11x100ms_v1""},""field_kind"":""anchor"",""g"":7007,""producer_version"":{""name"":""toolv2x_causal_tracker"",""revision"":""causal_windows_v1""},""provider"":""no_fusion_cav1"",""scene"":""testoutput_CAV_data_2022-03-21-09-50-20_10"",""track_handle"":21}","[{""context_version"":{""name"":""fixed_ego_at_t"",""revision"":""11x100ms_v1""},""field_kind"":""forecast"",""g"":7007,""producer_version"":{""name"":""CMP_MTR_full_seed20"",""revision"":""epoch09""},""provider"":""no_fusion_cav1"",""scene"":""testoutput_CAV_data_2022-03-21-09-50-20_10"",""track_handle"":21}]",[]
g7007_one_shot,7007,one_shot,1,1,bundle0,11,"[{""first_visible_plan_stage"":1,""mode"":""current"",""outer_request_id"":""bundle0"",""provider_rank"":4,""provider_ranking"":[0,5,11,21],""receipt_id"":""2471a8f4739b43b697fb85b5f9b6b8de"",""request_id"":""q0"",""request_stage"":0,""tool"":""P""}]","[""bundle0""]",[0],[1],"[[""P"",""current""]]",[4],"[[0,5,11,21]]",no_fusion_cav1,21,forecast,receiver_subset_forecast,receiver_acquired_subset,"{""name"":""receiver_fixed_ego_at_t"",""revision"":""11x100ms_v1.subset.0.5.11.21""}",receiver_derived,48.953029820,746,2300,2413,4149,4405,3572,3828,False,context_budget,,,,"{""context_version"":{""name"":""fixed_ego_at_t"",""revision"":""11x100ms_v1""},""field_kind"":""anchor"",""g"":7007,""producer_version"":{""name"":""toolv2x_causal_tracker"",""revision"":""causal_windows_v1""},""provider"":""no_fusion_cav1"",""scene"":""testoutput_CAV_data_2022-03-21-09-50-20_10"",""track_handle"":21}","[{""context_version"":{""name"":""receiver_fixed_ego_at_t"",""revision"":""11x100ms_v1.subset.0.5.11.21""},""field_kind"":""forecast"",""g"":7007,""producer_version"":{""name"":""CMP_MTR_full_seed20"",""revision"":""epoch09""},""provider"":""no_fusion_cav1"",""scene"":""testoutput_CAV_data_2022-03-21-09-50-20_10"",""track_handle"":21}]","[{""context_version"":{""name"":""fixed_ego_at_t"",""revision"":""11x100ms_v1""},""field_kind"":""anchor"",""g"":7007,""producer_version"":{""name"":""toolv2x_causal_tracker"",""revision"":""causal_windows_v1""},""provider"":""no_fusion_cav1"",""scene"":""testoutput_CAV_data_2022-03-21-09-50-20_10"",""track_handle"":0},{""context_version"":{""name"":""fixed_ego_at_t"",""revision"":""11x100ms_v1""},""field_kind"":""history"",""g"":7007,""producer_version"":{""name"":""toolv2x_causal_tracker"",""revision"":""causal_windows_v1""},""provider"":""no_fusion_cav1"",""scene"":""testoutput_CAV_data_2022-03-21-09-50-20_10"",""track_handle"":0},{""context_version"":{""name"":""fixed_ego_at_t"",""revision"":""11x100ms_v1""},""field_kind"":""anchor"",""g"":7007,""producer_version"":{""name"":""toolv2x_causal_tracker"",""revision"":""causal_windows_v1""},""provider"":""no_fusion_cav1"",""scene"":""testoutput_CAV_data_2022-03-21-09-50-20_10"",""track_handle"":5},{""context_version"":{""name"":""fixed_ego_at_t"",""revision"":""11x100ms_v1""},""field_kind"":""history"",""g"":7007,""producer_version"":{""name"":""toolv2x_causal_tracker"",""revision"":""causal_windows_v1""},""provider"":""no_fusion_cav1"",""scene"":""testoutput_CAV_data_2022-03-21-09-50-20_10"",""track_handle"":5},{""context_version"":{""name"":""fixed_ego_at_t"",""revision"":""11x100ms_v1""},""field_kind"":""anchor"",""g"":7007,""producer_version"":{""name"":""toolv2x_causal_tracker"",""revision"":""causal_windows_v1""},""provider"":""no_fusion_cav1"",""scene"":""testoutput_CAV_data_2022-03-21-09-50-20_10"",""track_handle"":11},{""context_version"":{""name"":""fixed_ego_at_t"",""revision"":""11x100ms_v1""},""field_kind"":""history"",""g"":7007,""producer_version"":{""name"":""toolv2x_causal_tracker"",""revision"":""causal_windows_v1""},""provider"":""no_fusion_cav1"",""scene"":""testoutput_CAV_data_2022-03-21-09-50-20_10"",""track_handle"":11},{""context_version"":{""name"":""fixed_ego_at_t"",""revision"":""11x100ms_v1""},""field_kind"":""anchor"",""g"":7007,""producer_version"":{""name"":""toolv2x_causal_tracker"",""revision"":""causal_windows_v1""},""provider"":""no_fusion_cav1"",""scene"":""testoutput_CAV_data_2022-03-21-09-50-20_10"",""track_handle"":21},{""context_version"":{""name"":""fixed_ego_at_t"",""revision"":""11x100ms_v1""},""field_kind"":""history"",""g"":7007,""producer_version"":{""name"":""toolv2x_causal_tracker"",""revision"":""causal_windows_v1""},""provider"":""no_fusion_cav1"",""scene"":""testoutput_CAV_data_2022-03-21-09-50-20_10"",""track_handle"":21}]"
g7007_one_shot,7007,one_shot,1,1,bundle0,12,"[{""first_visible_plan_stage"":1,""mode"":""current"",""outer_request_id"":""bundle0"",""provider_rank"":4,""provider_ranking"":[0,5,11,21],""receipt_id"":""2471a8f4739b43b697fb85b5f9b6b8de"",""request_id"":""q0"",""request_stage"":0,""tool"":""P""}]","[""bundle0""]",[0],[1],"[[""P"",""current""]]",[4],"[[0,5,11,21]]",no_fusion_cav1,21,history,history,,"{""name"":""fixed_ego_at_t"",""revision"":""11x100ms_v1""}",remote,48.953029820,791,2300,2413,4292,4548,3572,3828,False,context_budget,,,,"{""context_version"":{""name"":""fixed_ego_at_t"",""revision"":""11x100ms_v1""},""field_kind"":""anchor"",""g"":7007,""producer_version"":{""name"":""toolv2x_causal_tracker"",""revision"":""causal_windows_v1""},""provider"":""no_fusion_cav1"",""scene"":""testoutput_CAV_data_2022-03-21-09-50-20_10"",""track_handle"":21}","[{""context_version"":{""name"":""fixed_ego_at_t"",""revision"":""11x100ms_v1""},""field_kind"":""history"",""g"":7007,""producer_version"":{""name"":""toolv2x_causal_tracker"",""revision"":""causal_windows_v1""},""provider"":""no_fusion_cav1"",""scene"":""testoutput_CAV_data_2022-03-21-09-50-20_10"",""track_handle"":21}]",[]
